operacao,modo,N,tempo_ms
createe,com_indice,1000,6.3990
retrieve,com_indice,1000,0.4298
update,com_indice,1000,1.0663
deletee,com_indice,1000,1.7897
queryAll,com_indice,1000,2.4596
queryBy,com_indice,1000,1.9472
createe,sem_indice,1000,5.0215
retrieve,sem_indice,1000,4.8163
update,sem_indice,1000,4.8702
deletee,sem_indice,1000,9.7510
queryAll,sem_indice,1000,0.0530
queryBy,sem_indice,1000,0.0450
createe,com_indice,5000,24.3396
retrieve,com_indice,5000,0.5097
update,com_indice,5000,1.2968
deletee,com_indice,5000,1.9403
queryAll,com_indice,5000,11.1779
queryBy,com_indice,5000,10.9323
createe,sem_indice,5000,22.8746
retrieve,sem_indice,5000,22.2949
update,sem_indice,5000,22.9645
deletee,sem_indice,5000,24.3758
queryAll,sem_indice,5000,0.4139
queryBy,sem_indice,5000,0.4900
createe,com_indice,20000,118.7540
retrieve,com_indice,20000,0.5054
update,com_indice,20000,1.6494
deletee,com_indice,20000,1.8089
queryAll,com_indice,20000,54.9990
queryBy,com_indice,20000,61.7436
createe,sem_indice,20000,121.1934
retrieve,sem_indice,20000,87.0302
update,sem_indice,20000,95.1950
deletee,sem_indice,20000,73.1836
queryAll,sem_indice,20000,2.0196
queryBy,sem_indice,20000,2.2505
createe,com_indice,50000,299.4654
retrieve,com_indice,50000,0.6482
update,com_indice,50000,1.5144
deletee,com_indice,50000,1.8979
queryAll,com_indice,50000,160.6673
queryBy,com_indice,50000,131.2757
createe,sem_indice,50000,230.5596
retrieve,sem_indice,50000,328.0628
update,sem_indice,50000,319.9462
deletee,sem_indice,50000,205.2742
queryAll,sem_indice,50000,3.9716
queryBy,sem_indice,50000,4.5471
createe,com_indice,100000,668.5717
retrieve,com_indice,100000,1.6178
update,com_indice,100000,3.0693
deletee,com_indice,100000,2.2118
queryAll,com_indice,100000,485.1874
queryBy,com_indice,100000,495.4788
createe,sem_indice,100000,504.3765
retrieve,sem_indice,100000,918.2923
update,sem_indice,100000,1004.9263
deletee,sem_indice,100000,357.3310
queryAll,sem_indice,100000,8.4618
queryBy,sem_indice,100000,8.6276
