versao,ordem,repeticao,semente,operacao,modo,N,tempo_ms
baseline,4,1,12345,createe,com_indice,1000,5.4570
baseline,4,1,12345,retrieve,com_indice,1000,0.4227
baseline,4,1,12345,update,com_indice,1000,1.0827
baseline,4,1,12345,deletee,com_indice,1000,31.4684
baseline,4,1,12345,queryAll,com_indice,1000,1.9384
baseline,4,1,12345,queryBy,com_indice,1000,2.6492
baseline,4,1,12345,createe,sem_indice,1000,4.4498
baseline,4,1,12345,retrieve,sem_indice,1000,4.5941
baseline,4,1,12345,update,sem_indice,1000,4.8424
baseline,4,1,12345,deletee,sem_indice,1000,8.9095
baseline,4,1,12345,queryAll,sem_indice,1000,0.0523
baseline,4,1,12345,queryBy,sem_indice,1000,0.0441
baseline,4,1,12345,createe,com_indice,5000,26.2733
baseline,4,1,12345,retrieve,com_indice,5000,0.4944
baseline,4,1,12345,update,com_indice,5000,1.1552
baseline,4,1,12345,deletee,com_indice,5000,173.2371
baseline,4,1,12345,queryAll,com_indice,5000,12.8891
baseline,4,1,12345,queryBy,com_indice,5000,15.7186
baseline,4,1,12345,createe,sem_indice,5000,19.8984
baseline,4,1,12345,retrieve,sem_indice,5000,24.1421
baseline,4,1,12345,update,sem_indice,5000,21.4062
baseline,4,1,12345,deletee,sem_indice,5000,31.3720
baseline,4,1,12345,queryAll,sem_indice,5000,0.4955
baseline,4,1,12345,queryBy,sem_indice,5000,0.4650
baseline,4,1,12345,createe,com_indice,20000,217.3441
baseline,4,1,12345,retrieve,com_indice,20000,1.6393
baseline,4,1,12345,update,com_indice,20000,3.3883
baseline,4,1,12345,deletee,com_indice,20000,1149.9197
baseline,4,1,12345,queryAll,com_indice,20000,54.7371
baseline,4,1,12345,queryBy,com_indice,20000,52.8085
baseline,4,1,12345,createe,sem_indice,20000,87.6672
baseline,4,1,12345,retrieve,sem_indice,20000,85.5900
baseline,4,1,12345,update,sem_indice,20000,92.6115
baseline,4,1,12345,deletee,sem_indice,20000,77.9467
baseline,4,1,12345,queryAll,sem_indice,20000,1.4142
baseline,4,1,12345,queryBy,sem_indice,20000,1.4312
baseline,4,1,12345,createe,com_indice,50000,450.5347
baseline,4,1,12345,retrieve,com_indice,50000,1.2642
baseline,4,1,12345,update,com_indice,50000,2.4330
baseline,4,1,12345,deletee,com_indice,50000,2570.3844
baseline,4,1,12345,queryAll,com_indice,50000,167.9165
baseline,4,1,12345,queryBy,com_indice,50000,162.3598
baseline,4,1,12345,createe,sem_indice,50000,208.8138
baseline,4,1,12345,retrieve,sem_indice,50000,243.9943
baseline,4,1,12345,update,sem_indice,50000,247.9701
baseline,4,1,12345,deletee,sem_indice,50000,189.6397
baseline,4,1,12345,queryAll,sem_indice,50000,3.7522
baseline,4,1,12345,queryBy,sem_indice,50000,3.3399
baseline,4,1,12345,createe,com_indice,100000,800.4282
baseline,4,1,12345,retrieve,com_indice,100000,1.4634
baseline,4,1,12345,update,com_indice,100000,3.9407
baseline,4,1,12345,deletee,com_indice,100000,5241.9424
baseline,4,1,12345,queryAll,com_indice,100000,483.9882
baseline,4,1,12345,queryBy,com_indice,100000,484.7037
baseline,4,1,12345,createe,sem_indice,100000,596.4602
baseline,4,1,12345,retrieve,sem_indice,100000,839.0276
baseline,4,1,12345,update,sem_indice,100000,912.8927
baseline,4,1,12345,deletee,sem_indice,100000,346.0096
baseline,4,1,12345,queryAll,sem_indice,100000,8.2494
baseline,4,1,12345,queryBy,sem_indice,100000,8.4723
baseline,4,2,12346,createe,com_indice,1000,5.3504
baseline,4,2,12346,retrieve,com_indice,1000,0.4321
baseline,4,2,12346,update,com_indice,1000,1.0878
baseline,4,2,12346,deletee,com_indice,1000,32.3637
baseline,4,2,12346,queryAll,com_indice,1000,2.2076
baseline,4,2,12346,queryBy,com_indice,1000,2.9122
baseline,4,2,12346,createe,sem_indice,1000,8.3570
baseline,4,2,12346,retrieve,sem_indice,1000,7.4086
baseline,4,2,12346,update,sem_indice,1000,7.9345
baseline,4,2,12346,deletee,sem_indice,1000,13.2735
baseline,4,2,12346,queryAll,sem_indice,1000,0.0867
baseline,4,2,12346,queryBy,sem_indice,1000,0.0646
baseline,4,2,12346,createe,com_indice,5000,34.3258
baseline,4,2,12346,retrieve,com_indice,5000,0.4487
baseline,4,2,12346,update,com_indice,5000,1.1135
baseline,4,2,12346,deletee,com_indice,5000,139.2486
baseline,4,2,12346,queryAll,com_indice,5000,13.0442
baseline,4,2,12346,queryBy,com_indice,5000,16.5411
baseline,4,2,12346,createe,sem_indice,5000,34.1227
baseline,4,2,12346,retrieve,sem_indice,5000,36.8905
baseline,4,2,12346,update,sem_indice,5000,26.8751
baseline,4,2,12346,deletee,sem_indice,5000,24.1090
baseline,4,2,12346,queryAll,sem_indice,5000,0.5437
baseline,4,2,12346,queryBy,sem_indice,5000,0.5040
baseline,4,2,12346,createe,com_indice,20000,133.1437
baseline,4,2,12346,retrieve,com_indice,20000,0.5702
baseline,4,2,12346,update,com_indice,20000,1.2830
baseline,4,2,12346,deletee,com_indice,20000,776.8807
baseline,4,2,12346,queryAll,com_indice,20000,61.5963
baseline,4,2,12346,queryBy,com_indice,20000,71.2363
baseline,4,2,12346,createe,sem_indice,20000,90.5204
baseline,4,2,12346,retrieve,sem_indice,20000,85.1193
baseline,4,2,12346,update,sem_indice,20000,84.3637
baseline,4,2,12346,deletee,sem_indice,20000,76.7008
baseline,4,2,12346,queryAll,sem_indice,20000,1.4024
baseline,4,2,12346,queryBy,sem_indice,20000,1.6246
baseline,4,2,12346,createe,com_indice,50000,326.3275
baseline,4,2,12346,retrieve,com_indice,50000,0.8174
baseline,4,2,12346,update,com_indice,50000,1.7173
baseline,4,2,12346,deletee,com_indice,50000,2257.5931
baseline,4,2,12346,queryAll,com_indice,50000,145.1381
baseline,4,2,12346,queryBy,com_indice,50000,132.9271
baseline,4,2,12346,createe,sem_indice,50000,267.7997
baseline,4,2,12346,retrieve,sem_indice,50000,262.9253
baseline,4,2,12346,update,sem_indice,50000,244.0467
baseline,4,2,12346,deletee,sem_indice,50000,179.9717
baseline,4,2,12346,queryAll,sem_indice,50000,4.7749
baseline,4,2,12346,queryBy,sem_indice,50000,4.4926
baseline,4,2,12346,createe,com_indice,100000,668.8236
baseline,4,2,12346,retrieve,com_indice,100000,1.3102
baseline,4,2,12346,update,com_indice,100000,1.9320
baseline,4,2,12346,deletee,com_indice,100000,5376.4677
baseline,4,2,12346,queryAll,com_indice,100000,468.9322
baseline,4,2,12346,queryBy,com_indice,100000,468.8932
baseline,4,2,12346,createe,sem_indice,100000,498.9536
baseline,4,2,12346,retrieve,sem_indice,100000,888.8521
baseline,4,2,12346,update,sem_indice,100000,972.7198
baseline,4,2,12346,deletee,sem_indice,100000,323.8527
baseline,4,2,12346,queryAll,sem_indice,100000,7.8870
baseline,4,2,12346,queryBy,sem_indice,100000,8.0965
baseline,4,3,12347,createe,com_indice,1000,5.2873
baseline,4,3,12347,retrieve,com_indice,1000,0.4299
baseline,4,3,12347,update,com_indice,1000,1.2669
baseline,4,3,12347,deletee,com_indice,1000,28.7500
baseline,4,3,12347,queryAll,com_indice,1000,2.5029
baseline,4,3,12347,queryBy,com_indice,1000,1.9490
baseline,4,3,12347,createe,sem_indice,1000,5.3367
baseline,4,3,12347,retrieve,sem_indice,1000,5.4203
baseline,4,3,12347,update,sem_indice,1000,4.9129
baseline,4,3,12347,deletee,sem_indice,1000,13.7476
baseline,4,3,12347,queryAll,sem_indice,1000,0.0747
baseline,4,3,12347,queryBy,sem_indice,1000,0.0639
baseline,4,3,12347,createe,com_indice,5000,25.2201
baseline,4,3,12347,retrieve,com_indice,5000,0.4487
baseline,4,3,12347,update,com_indice,5000,1.0904
baseline,4,3,12347,deletee,com_indice,5000,208.5779
baseline,4,3,12347,queryAll,com_indice,5000,18.0217
baseline,4,3,12347,queryBy,com_indice,5000,15.4715
baseline,4,3,12347,createe,sem_indice,5000,25.1836
baseline,4,3,12347,retrieve,sem_indice,5000,38.8565
baseline,4,3,12347,update,sem_indice,5000,34.9059
baseline,4,3,12347,deletee,sem_indice,5000,19.6654
baseline,4,3,12347,queryAll,sem_indice,5000,0.3655
baseline,4,3,12347,queryBy,sem_indice,5000,0.3517
baseline,4,3,12347,createe,com_indice,20000,117.7749
baseline,4,3,12347,retrieve,com_indice,20000,0.6392
baseline,4,3,12347,update,com_indice,20000,1.4105
baseline,4,3,12347,deletee,com_indice,20000,768.0915
baseline,4,3,12347,queryAll,com_indice,20000,53.1345
baseline,4,3,12347,queryBy,com_indice,20000,66.2815
baseline,4,3,12347,createe,sem_indice,20000,106.9786
baseline,4,3,12347,retrieve,sem_indice,20000,108.8796
baseline,4,3,12347,update,sem_indice,20000,91.4180
baseline,4,3,12347,deletee,sem_indice,20000,74.9716
baseline,4,3,12347,queryAll,sem_indice,20000,1.6339
baseline,4,3,12347,queryBy,sem_indice,20000,1.4702
baseline,4,3,12347,createe,com_indice,50000,367.2113
baseline,4,3,12347,retrieve,com_indice,50000,1.4654
baseline,4,3,12347,update,com_indice,50000,3.9654
baseline,4,3,12347,deletee,com_indice,50000,2405.7903
baseline,4,3,12347,queryAll,com_indice,50000,155.8764
baseline,4,3,12347,queryBy,com_indice,50000,171.8506
baseline,4,3,12347,createe,sem_indice,50000,271.3530
baseline,4,3,12347,retrieve,sem_indice,50000,268.9115
baseline,4,3,12347,update,sem_indice,50000,233.2961
baseline,4,3,12347,deletee,sem_indice,50000,174.0004
baseline,4,3,12347,queryAll,sem_indice,50000,3.3545
baseline,4,3,12347,queryBy,sem_indice,50000,3.2242
baseline,4,3,12347,createe,com_indice,100000,861.0628
baseline,4,3,12347,retrieve,com_indice,100000,1.7062
baseline,4,3,12347,update,com_indice,100000,2.4073
baseline,4,3,12347,deletee,com_indice,100000,5394.8813
baseline,4,3,12347,queryAll,com_indice,100000,582.2865
baseline,4,3,12347,queryBy,com_indice,100000,504.0013
baseline,4,3,12347,createe,sem_indice,100000,467.1584
baseline,4,3,12347,retrieve,sem_indice,100000,711.0970
baseline,4,3,12347,update,sem_indice,100000,891.1708
baseline,4,3,12347,deletee,sem_indice,100000,354.4405
baseline,4,3,12347,queryAll,sem_indice,100000,7.1679
baseline,4,3,12347,queryBy,sem_indice,100000,7.4536
solucao,4,1,12345,createe,com_indice,1000,7.6914
solucao,4,1,12345,retrieve,com_indice,1000,0.5985
solucao,4,1,12345,update,com_indice,1000,1.3972
solucao,4,1,12345,deletee,com_indice,1000,2.5364
solucao,4,1,12345,queryAll,com_indice,1000,2.0140
solucao,4,1,12345,queryBy,com_indice,1000,2.3628
solucao,4,1,12345,createe,sem_indice,1000,4.5565
solucao,4,1,12345,retrieve,sem_indice,1000,5.0042
solucao,4,1,12345,update,sem_indice,1000,4.8881
solucao,4,1,12345,deletee,sem_indice,1000,12.6764
solucao,4,1,12345,queryAll,sem_indice,1000,0.0614
solucao,4,1,12345,queryBy,sem_indice,1000,0.0540
solucao,4,1,12345,createe,com_indice,5000,24.9494
solucao,4,1,12345,retrieve,com_indice,5000,0.4484
solucao,4,1,12345,update,com_indice,5000,1.0834
solucao,4,1,12345,deletee,com_indice,5000,2.1110
solucao,4,1,12345,queryAll,com_indice,5000,14.7122
solucao,4,1,12345,queryBy,com_indice,5000,16.5902
solucao,4,1,12345,createe,sem_indice,5000,40.6093
solucao,4,1,12345,retrieve,sem_indice,5000,28.3013
solucao,4,1,12345,update,sem_indice,5000,28.9658
solucao,4,1,12345,deletee,sem_indice,5000,28.3346
solucao,4,1,12345,queryAll,sem_indice,5000,0.3639
solucao,4,1,12345,queryBy,sem_indice,5000,0.3465
solucao,4,1,12345,createe,com_indice,20000,144.6337
solucao,4,1,12345,retrieve,com_indice,20000,0.6158
solucao,4,1,12345,update,com_indice,20000,1.4248
solucao,4,1,12345,deletee,com_indice,20000,1.6341
solucao,4,1,12345,queryAll,com_indice,20000,63.8411
solucao,4,1,12345,queryBy,com_indice,20000,68.1400
solucao,4,1,12345,createe,sem_indice,20000,144.8888
solucao,4,1,12345,retrieve,sem_indice,20000,93.4078
solucao,4,1,12345,update,sem_indice,20000,91.3337
solucao,4,1,12345,deletee,sem_indice,20000,69.9592
solucao,4,1,12345,queryAll,sem_indice,20000,1.8350
solucao,4,1,12345,queryBy,sem_indice,20000,1.7367
solucao,4,1,12345,createe,com_indice,50000,355.0449
solucao,4,1,12345,retrieve,com_indice,50000,1.3457
solucao,4,1,12345,update,com_indice,50000,2.6631
solucao,4,1,12345,deletee,com_indice,50000,2.9025
solucao,4,1,12345,queryAll,com_indice,50000,169.4882
solucao,4,1,12345,queryBy,com_indice,50000,155.0193
solucao,4,1,12345,createe,sem_indice,50000,219.1292
solucao,4,1,12345,retrieve,sem_indice,50000,293.5443
solucao,4,1,12345,update,sem_indice,50000,351.0946
solucao,4,1,12345,deletee,sem_indice,50000,200.1535
solucao,4,1,12345,queryAll,sem_indice,50000,3.0046
solucao,4,1,12345,queryBy,sem_indice,50000,2.7692
solucao,4,1,12345,createe,com_indice,100000,742.5782
solucao,4,1,12345,retrieve,com_indice,100000,2.0633
solucao,4,1,12345,update,com_indice,100000,2.2822
solucao,4,1,12345,deletee,com_indice,100000,2.8646
solucao,4,1,12345,queryAll,com_indice,100000,485.5358
solucao,4,1,12345,queryBy,com_indice,100000,466.7400
solucao,4,1,12345,createe,sem_indice,100000,491.1892
solucao,4,1,12345,retrieve,sem_indice,100000,916.0510
solucao,4,1,12345,update,sem_indice,100000,888.4791
solucao,4,1,12345,deletee,sem_indice,100000,358.7450
solucao,4,1,12345,queryAll,sem_indice,100000,10.3022
solucao,4,1,12345,queryBy,sem_indice,100000,9.0729
solucao,4,2,12346,createe,com_indice,1000,6.9425
solucao,4,2,12346,retrieve,com_indice,1000,0.6849
solucao,4,2,12346,update,com_indice,1000,1.6014
solucao,4,2,12346,deletee,com_indice,1000,2.1022
solucao,4,2,12346,queryAll,com_indice,1000,2.1674
solucao,4,2,12346,queryBy,com_indice,1000,1.9066
solucao,4,2,12346,createe,sem_indice,1000,4.1678
solucao,4,2,12346,retrieve,sem_indice,1000,4.5229
solucao,4,2,12346,update,sem_indice,1000,4.7611
solucao,4,2,12346,deletee,sem_indice,1000,9.8493
solucao,4,2,12346,queryAll,sem_indice,1000,0.0661
solucao,4,2,12346,queryBy,sem_indice,1000,0.0589
solucao,4,2,12346,createe,com_indice,5000,26.7709
solucao,4,2,12346,retrieve,com_indice,5000,0.7341
solucao,4,2,12346,update,com_indice,5000,1.6846
solucao,4,2,12346,deletee,com_indice,5000,2.0682
solucao,4,2,12346,queryAll,com_indice,5000,14.0451
solucao,4,2,12346,queryBy,com_indice,5000,11.8245
solucao,4,2,12346,createe,sem_indice,5000,22.5109
solucao,4,2,12346,retrieve,sem_indice,5000,19.5777
solucao,4,2,12346,update,sem_indice,5000,19.4943
solucao,4,2,12346,deletee,sem_indice,5000,19.7058
solucao,4,2,12346,queryAll,sem_indice,5000,0.3831
solucao,4,2,12346,queryBy,sem_indice,5000,0.3525
solucao,4,2,12346,createe,com_indice,20000,114.4852
solucao,4,2,12346,retrieve,com_indice,20000,0.7232
solucao,4,2,12346,update,com_indice,20000,1.4198
solucao,4,2,12346,deletee,com_indice,20000,1.4577
solucao,4,2,12346,queryAll,com_indice,20000,51.0662
solucao,4,2,12346,queryBy,com_indice,20000,50.8584
solucao,4,2,12346,createe,sem_indice,20000,79.4481
solucao,4,2,12346,retrieve,sem_indice,20000,84.0265
solucao,4,2,12346,update,sem_indice,20000,87.1166
solucao,4,2,12346,deletee,sem_indice,20000,72.5102
solucao,4,2,12346,queryAll,sem_indice,20000,1.6094
solucao,4,2,12346,queryBy,sem_indice,20000,1.4103
solucao,4,2,12346,createe,com_indice,50000,313.3814
solucao,4,2,12346,retrieve,com_indice,50000,1.0345
solucao,4,2,12346,update,com_indice,50000,1.8689
solucao,4,2,12346,deletee,com_indice,50000,1.8849
solucao,4,2,12346,queryAll,com_indice,50000,159.7825
solucao,4,2,12346,queryBy,com_indice,50000,136.7721
solucao,4,2,12346,createe,sem_indice,50000,225.7211
solucao,4,2,12346,retrieve,sem_indice,50000,318.9154
solucao,4,2,12346,update,sem_indice,50000,345.7691
solucao,4,2,12346,deletee,sem_indice,50000,176.8923
solucao,4,2,12346,queryAll,sem_indice,50000,4.0606
solucao,4,2,12346,queryBy,sem_indice,50000,4.5384
solucao,4,2,12346,createe,com_indice,100000,666.8643
solucao,4,2,12346,retrieve,com_indice,100000,1.5608
solucao,4,2,12346,update,com_indice,100000,1.8604
solucao,4,2,12346,deletee,com_indice,100000,2.6649
solucao,4,2,12346,queryAll,com_indice,100000,460.8721
solucao,4,2,12346,queryBy,com_indice,100000,470.3850
solucao,4,2,12346,createe,sem_indice,100000,516.0017
solucao,4,2,12346,retrieve,sem_indice,100000,811.1827
solucao,4,2,12346,update,sem_indice,100000,810.8614
solucao,4,2,12346,deletee,sem_indice,100000,353.3919
solucao,4,2,12346,queryAll,sem_indice,100000,8.3413
solucao,4,2,12346,queryBy,sem_indice,100000,9.4258
solucao,4,3,12347,createe,com_indice,1000,5.2656
solucao,4,3,12347,retrieve,com_indice,1000,0.4156
solucao,4,3,12347,update,com_indice,1000,1.0299
solucao,4,3,12347,deletee,com_indice,1000,1.3797
solucao,4,3,12347,queryAll,com_indice,1000,1.8888
solucao,4,3,12347,queryBy,com_indice,1000,1.9438
solucao,4,3,12347,createe,sem_indice,1000,5.0612
solucao,4,3,12347,retrieve,sem_indice,1000,4.2629
solucao,4,3,12347,update,sem_indice,1000,4.4370
solucao,4,3,12347,deletee,sem_indice,1000,9.8053
solucao,4,3,12347,queryAll,sem_indice,1000,0.0684
solucao,4,3,12347,queryBy,sem_indice,1000,0.0612
solucao,4,3,12347,createe,com_indice,5000,28.8302
solucao,4,3,12347,retrieve,com_indice,5000,0.4870
solucao,4,3,12347,update,com_indice,5000,1.2170
solucao,4,3,12347,deletee,com_indice,5000,1.4752
solucao,4,3,12347,queryAll,com_indice,5000,13.1135
solucao,4,3,12347,queryBy,com_indice,5000,16.4530
solucao,4,3,12347,createe,sem_indice,5000,21.4794
solucao,4,3,12347,retrieve,sem_indice,5000,29.8516
solucao,4,3,12347,update,sem_indice,5000,27.5772
solucao,4,3,12347,deletee,sem_indice,5000,17.7188
solucao,4,3,12347,queryAll,sem_indice,5000,0.3250
solucao,4,3,12347,queryBy,sem_indice,5000,0.3084
solucao,4,3,12347,createe,com_indice,20000,169.2699
solucao,4,3,12347,retrieve,com_indice,20000,0.6709
solucao,4,3,12347,update,com_indice,20000,1.5250
solucao,4,3,12347,deletee,com_indice,20000,1.6865
solucao,4,3,12347,queryAll,com_indice,20000,54.8974
solucao,4,3,12347,queryBy,com_indice,20000,59.9467
solucao,4,3,12347,createe,sem_indice,20000,80.3652
solucao,4,3,12347,retrieve,sem_indice,20000,89.5730
solucao,4,3,12347,update,sem_indice,20000,85.8097
solucao,4,3,12347,deletee,sem_indice,20000,107.3656
solucao,4,3,12347,queryAll,sem_indice,20000,1.8269
solucao,4,3,12347,queryBy,sem_indice,20000,2.2536
solucao,4,3,12347,createe,com_indice,50000,345.1687
solucao,4,3,12347,retrieve,com_indice,50000,1.1345
solucao,4,3,12347,update,com_indice,50000,1.7200
solucao,4,3,12347,deletee,com_indice,50000,1.9026
solucao,4,3,12347,queryAll,com_indice,50000,141.2990
solucao,4,3,12347,queryBy,com_indice,50000,142.2196
solucao,4,3,12347,createe,sem_indice,50000,253.8905
solucao,4,3,12347,retrieve,sem_indice,50000,276.4780
solucao,4,3,12347,update,sem_indice,50000,255.0687
solucao,4,3,12347,deletee,sem_indice,50000,191.2880
solucao,4,3,12347,queryAll,sem_indice,50000,3.8469
solucao,4,3,12347,queryBy,sem_indice,50000,3.5727
solucao,4,3,12347,createe,com_indice,100000,702.8820
solucao,4,3,12347,retrieve,com_indice,100000,1.3875
solucao,4,3,12347,update,com_indice,100000,2.4068
solucao,4,3,12347,deletee,com_indice,100000,2.2051
solucao,4,3,12347,queryAll,com_indice,100000,473.3803
solucao,4,3,12347,queryBy,com_indice,100000,449.8299
solucao,4,3,12347,createe,sem_indice,100000,440.6433
solucao,4,3,12347,retrieve,sem_indice,100000,1010.8151
solucao,4,3,12347,update,sem_indice,100000,868.8176
solucao,4,3,12347,deletee,sem_indice,100000,679.2144
solucao,4,3,12347,queryAll,sem_indice,100000,9.5329
solucao,4,3,12347,queryBy,sem_indice,100000,8.3283
solucao,8,1,12345,createe,com_indice,1000,6.3990
solucao,8,1,12345,retrieve,com_indice,1000,0.4298
solucao,8,1,12345,update,com_indice,1000,1.0663
solucao,8,1,12345,deletee,com_indice,1000,1.7897
solucao,8,1,12345,queryAll,com_indice,1000,2.4596
solucao,8,1,12345,queryBy,com_indice,1000,1.9472
solucao,8,1,12345,createe,sem_indice,1000,5.0215
solucao,8,1,12345,retrieve,sem_indice,1000,4.8163
solucao,8,1,12345,update,sem_indice,1000,4.8702
solucao,8,1,12345,deletee,sem_indice,1000,9.7510
solucao,8,1,12345,queryAll,sem_indice,1000,0.0530
solucao,8,1,12345,queryBy,sem_indice,1000,0.0450
solucao,8,1,12345,createe,com_indice,5000,24.3396
solucao,8,1,12345,retrieve,com_indice,5000,0.5097
solucao,8,1,12345,update,com_indice,5000,1.2968
solucao,8,1,12345,deletee,com_indice,5000,1.9403
solucao,8,1,12345,queryAll,com_indice,5000,11.1779
solucao,8,1,12345,queryBy,com_indice,5000,10.9323
solucao,8,1,12345,createe,sem_indice,5000,22.8746
solucao,8,1,12345,retrieve,sem_indice,5000,22.2949
solucao,8,1,12345,update,sem_indice,5000,22.9645
solucao,8,1,12345,deletee,sem_indice,5000,24.3758
solucao,8,1,12345,queryAll,sem_indice,5000,0.4139
solucao,8,1,12345,queryBy,sem_indice,5000,0.4900
solucao,8,1,12345,createe,com_indice,20000,118.7540
solucao,8,1,12345,retrieve,com_indice,20000,0.5054
solucao,8,1,12345,update,com_indice,20000,1.6494
solucao,8,1,12345,deletee,com_indice,20000,1.8089
solucao,8,1,12345,queryAll,com_indice,20000,54.9990
solucao,8,1,12345,queryBy,com_indice,20000,61.7436
solucao,8,1,12345,createe,sem_indice,20000,121.1934
solucao,8,1,12345,retrieve,sem_indice,20000,87.0302
solucao,8,1,12345,update,sem_indice,20000,95.1950
solucao,8,1,12345,deletee,sem_indice,20000,73.1836
solucao,8,1,12345,queryAll,sem_indice,20000,2.0196
solucao,8,1,12345,queryBy,sem_indice,20000,2.2505
solucao,8,1,12345,createe,com_indice,50000,299.4654
solucao,8,1,12345,retrieve,com_indice,50000,0.6482
solucao,8,1,12345,update,com_indice,50000,1.5144
solucao,8,1,12345,deletee,com_indice,50000,1.8979
solucao,8,1,12345,queryAll,com_indice,50000,160.6673
solucao,8,1,12345,queryBy,com_indice,50000,131.2757
solucao,8,1,12345,createe,sem_indice,50000,230.5596
solucao,8,1,12345,retrieve,sem_indice,50000,328.0628
solucao,8,1,12345,update,sem_indice,50000,319.9462
solucao,8,1,12345,deletee,sem_indice,50000,205.2742
solucao,8,1,12345,queryAll,sem_indice,50000,3.9716
solucao,8,1,12345,queryBy,sem_indice,50000,4.5471
solucao,8,1,12345,createe,com_indice,100000,668.5717
solucao,8,1,12345,retrieve,com_indice,100000,1.6178
solucao,8,1,12345,update,com_indice,100000,3.0693
solucao,8,1,12345,deletee,com_indice,100000,2.2118
solucao,8,1,12345,queryAll,com_indice,100000,485.1874
solucao,8,1,12345,queryBy,com_indice,100000,495.4788
solucao,8,1,12345,createe,sem_indice,100000,504.3765
solucao,8,1,12345,retrieve,sem_indice,100000,918.2923
solucao,8,1,12345,update,sem_indice,100000,1004.9263
solucao,8,1,12345,deletee,sem_indice,100000,357.3310
solucao,8,1,12345,queryAll,sem_indice,100000,8.4618
solucao,8,1,12345,queryBy,sem_indice,100000,8.6276
solucao,8,2,12346,createe,com_indice,1000,7.1142
solucao,8,2,12346,retrieve,com_indice,1000,0.4899
solucao,8,2,12346,update,com_indice,1000,1.3123
solucao,8,2,12346,deletee,com_indice,1000,2.5989
solucao,8,2,12346,queryAll,com_indice,1000,2.7328
solucao,8,2,12346,queryBy,com_indice,1000,3.2624
solucao,8,2,12346,createe,sem_indice,1000,7.8936
solucao,8,2,12346,retrieve,sem_indice,1000,6.4799
solucao,8,2,12346,update,sem_indice,1000,6.7971
solucao,8,2,12346,deletee,sem_indice,1000,18.6674
solucao,8,2,12346,queryAll,sem_indice,1000,0.0952
solucao,8,2,12346,queryBy,sem_indice,1000,0.0872
solucao,8,2,12346,createe,com_indice,5000,27.2287
solucao,8,2,12346,retrieve,com_indice,5000,0.4398
solucao,8,2,12346,update,com_indice,5000,1.4362
solucao,8,2,12346,deletee,com_indice,5000,2.3757
solucao,8,2,12346,queryAll,com_indice,5000,12.6418
solucao,8,2,12346,queryBy,com_indice,5000,14.3120
solucao,8,2,12346,createe,sem_indice,5000,25.3930
solucao,8,2,12346,retrieve,sem_indice,5000,36.7366
solucao,8,2,12346,update,sem_indice,5000,47.3399
solucao,8,2,12346,deletee,sem_indice,5000,57.4280
solucao,8,2,12346,queryAll,sem_indice,5000,1.1028
solucao,8,2,12346,queryBy,sem_indice,5000,0.9085
solucao,8,2,12346,createe,com_indice,20000,178.8052
solucao,8,2,12346,retrieve,com_indice,20000,0.6108
solucao,8,2,12346,update,com_indice,20000,2.3406
solucao,8,2,12346,deletee,com_indice,20000,2.7341
solucao,8,2,12346,queryAll,com_indice,20000,69.8185
solucao,8,2,12346,queryBy,com_indice,20000,61.9801
solucao,8,2,12346,createe,sem_indice,20000,113.5742
solucao,8,2,12346,retrieve,sem_indice,20000,111.8446
solucao,8,2,12346,update,sem_indice,20000,78.1767
solucao,8,2,12346,deletee,sem_indice,20000,161.3335
solucao,8,2,12346,queryAll,sem_indice,20000,2.9089
solucao,8,2,12346,queryBy,sem_indice,20000,3.3095
solucao,8,2,12346,createe,com_indice,50000,419.6268
solucao,8,2,12346,retrieve,com_indice,50000,0.7765
solucao,8,2,12346,update,com_indice,50000,1.8425
solucao,8,2,12346,deletee,com_indice,50000,1.8387
solucao,8,2,12346,queryAll,com_indice,50000,135.4025
solucao,8,2,12346,queryBy,com_indice,50000,140.2946
solucao,8,2,12346,createe,sem_indice,50000,225.4757
solucao,8,2,12346,retrieve,sem_indice,50000,294.3521
solucao,8,2,12346,update,sem_indice,50000,307.0507
solucao,8,2,12346,deletee,sem_indice,50000,167.7598
solucao,8,2,12346,queryAll,sem_indice,50000,5.0724
solucao,8,2,12346,queryBy,sem_indice,50000,5.2619
solucao,8,2,12346,createe,com_indice,100000,740.0269
solucao,8,2,12346,retrieve,com_indice,100000,1.3438
solucao,8,2,12346,update,com_indice,100000,1.9856
solucao,8,2,12346,deletee,com_indice,100000,2.2876
solucao,8,2,12346,queryAll,com_indice,100000,449.6989
solucao,8,2,12346,queryBy,com_indice,100000,417.4146
solucao,8,2,12346,createe,sem_indice,100000,562.5257
solucao,8,2,12346,retrieve,sem_indice,100000,851.9228
solucao,8,2,12346,update,sem_indice,100000,973.1249
solucao,8,2,12346,deletee,sem_indice,100000,394.2373
solucao,8,2,12346,queryAll,sem_indice,100000,8.0888
solucao,8,2,12346,queryBy,sem_indice,100000,9.5763
solucao,8,3,12347,createe,com_indice,1000,6.0057
solucao,8,3,12347,retrieve,com_indice,1000,0.6759
solucao,8,3,12347,update,com_indice,1000,1.2402
solucao,8,3,12347,deletee,com_indice,1000,1.6545
solucao,8,3,12347,queryAll,com_indice,1000,1.9962
solucao,8,3,12347,queryBy,com_indice,1000,2.0626
solucao,8,3,12347,createe,sem_indice,1000,4.7901
solucao,8,3,12347,retrieve,sem_indice,1000,5.4487
solucao,8,3,12347,update,sem_indice,1000,5.3072
solucao,8,3,12347,deletee,sem_indice,1000,12.1019
solucao,8,3,12347,queryAll,sem_indice,1000,0.0787
solucao,8,3,12347,queryBy,sem_indice,1000,0.0719
solucao,8,3,12347,createe,com_indice,5000,26.0627
solucao,8,3,12347,retrieve,com_indice,5000,0.4908
solucao,8,3,12347,update,com_indice,5000,1.1916
solucao,8,3,12347,deletee,com_indice,5000,1.4796
solucao,8,3,12347,queryAll,com_indice,5000,12.6199
solucao,8,3,12347,queryBy,com_indice,5000,13.4687
solucao,8,3,12347,createe,sem_indice,5000,22.8281
solucao,8,3,12347,retrieve,sem_indice,5000,26.7822
solucao,8,3,12347,update,sem_indice,5000,43.4164
solucao,8,3,12347,deletee,sem_indice,5000,33.8014
solucao,8,3,12347,queryAll,sem_indice,5000,0.5148
solucao,8,3,12347,queryBy,sem_indice,5000,0.4417
solucao,8,3,12347,createe,com_indice,20000,126.0331
solucao,8,3,12347,retrieve,com_indice,20000,0.7489
solucao,8,3,12347,update,com_indice,20000,1.7474
solucao,8,3,12347,deletee,com_indice,20000,2.2832
solucao,8,3,12347,queryAll,com_indice,20000,54.6415
solucao,8,3,12347,queryBy,com_indice,20000,51.8596
solucao,8,3,12347,createe,sem_indice,20000,106.9154
solucao,8,3,12347,retrieve,sem_indice,20000,89.4546
solucao,8,3,12347,update,sem_indice,20000,118.5651
solucao,8,3,12347,deletee,sem_indice,20000,82.7571
solucao,8,3,12347,queryAll,sem_indice,20000,1.7003
solucao,8,3,12347,queryBy,sem_indice,20000,1.5256
solucao,8,3,12347,createe,com_indice,50000,344.4170
solucao,8,3,12347,retrieve,com_indice,50000,0.6649
solucao,8,3,12347,update,com_indice,50000,1.7728
solucao,8,3,12347,deletee,com_indice,50000,2.5607
solucao,8,3,12347,queryAll,com_indice,50000,178.0175
solucao,8,3,12347,queryBy,com_indice,50000,150.7643
solucao,8,3,12347,createe,sem_indice,50000,301.4294
solucao,8,3,12347,retrieve,sem_indice,50000,271.7437
solucao,8,3,12347,update,sem_indice,50000,262.9756
solucao,8,3,12347,deletee,sem_indice,50000,176.4058
solucao,8,3,12347,queryAll,sem_indice,50000,4.1489
solucao,8,3,12347,queryBy,sem_indice,50000,4.4674
solucao,8,3,12347,createe,com_indice,100000,629.5777
solucao,8,3,12347,retrieve,com_indice,100000,1.1978
solucao,8,3,12347,update,com_indice,100000,2.0965
solucao,8,3,12347,deletee,com_indice,100000,1.6776
solucao,8,3,12347,queryAll,com_indice,100000,475.5094
solucao,8,3,12347,queryBy,com_indice,100000,446.2426
solucao,8,3,12347,createe,sem_indice,100000,450.5533
solucao,8,3,12347,retrieve,sem_indice,100000,721.0726
solucao,8,3,12347,update,sem_indice,100000,1115.4943
solucao,8,3,12347,deletee,sem_indice,100000,335.7259
solucao,8,3,12347,queryAll,sem_indice,100000,8.6089
solucao,8,3,12347,queryBy,sem_indice,100000,9.5137
solucao,16,1,12345,createe,com_indice,1000,14.3095
solucao,16,1,12345,retrieve,com_indice,1000,1.1780
solucao,16,1,12345,update,com_indice,1000,2.6226
solucao,16,1,12345,deletee,com_indice,1000,4.0085
solucao,16,1,12345,queryAll,com_indice,1000,4.8433
solucao,16,1,12345,queryBy,com_indice,1000,4.1503
solucao,16,1,12345,createe,sem_indice,1000,7.1426
solucao,16,1,12345,retrieve,sem_indice,1000,6.5232
solucao,16,1,12345,update,sem_indice,1000,5.5628
solucao,16,1,12345,deletee,sem_indice,1000,10.4609
solucao,16,1,12345,queryAll,sem_indice,1000,0.0525
solucao,16,1,12345,queryBy,sem_indice,1000,0.0469
solucao,16,1,12345,createe,com_indice,5000,29.7723
solucao,16,1,12345,retrieve,com_indice,5000,0.4962
solucao,16,1,12345,update,com_indice,5000,1.1735
solucao,16,1,12345,deletee,com_indice,5000,2.7783
solucao,16,1,12345,queryAll,com_indice,5000,20.5018
solucao,16,1,12345,queryBy,com_indice,5000,12.2624
solucao,16,1,12345,createe,sem_indice,5000,39.8387
solucao,16,1,12345,retrieve,sem_indice,5000,27.4325
solucao,16,1,12345,update,sem_indice,5000,28.3047
solucao,16,1,12345,deletee,sem_indice,5000,28.4177
solucao,16,1,12345,queryAll,sem_indice,5000,0.4934
solucao,16,1,12345,queryBy,sem_indice,5000,0.3777
solucao,16,1,12345,createe,com_indice,20000,149.4784
solucao,16,1,12345,retrieve,com_indice,20000,0.5807
solucao,16,1,12345,update,com_indice,20000,1.2364
solucao,16,1,12345,deletee,com_indice,20000,1.5202
solucao,16,1,12345,queryAll,com_indice,20000,52.8949
solucao,16,1,12345,queryBy,com_indice,20000,57.7561
solucao,16,1,12345,createe,sem_indice,20000,101.0002
solucao,16,1,12345,retrieve,sem_indice,20000,94.0046
solucao,16,1,12345,update,sem_indice,20000,130.3879
solucao,16,1,12345,deletee,sem_indice,20000,79.6688
solucao,16,1,12345,queryAll,sem_indice,20000,2.0909
solucao,16,1,12345,queryBy,sem_indice,20000,1.5558
solucao,16,1,12345,createe,com_indice,50000,288.2883
solucao,16,1,12345,retrieve,com_indice,50000,1.0428
solucao,16,1,12345,update,com_indice,50000,2.3005
solucao,16,1,12345,deletee,com_indice,50000,2.5900
solucao,16,1,12345,queryAll,com_indice,50000,135.1751
solucao,16,1,12345,queryBy,com_indice,50000,143.7845
solucao,16,1,12345,createe,sem_indice,50000,268.5676
solucao,16,1,12345,retrieve,sem_indice,50000,271.1781
solucao,16,1,12345,update,sem_indice,50000,351.3876
solucao,16,1,12345,deletee,sem_indice,50000,213.8551
solucao,16,1,12345,queryAll,sem_indice,50000,7.8874
solucao,16,1,12345,queryBy,sem_indice,50000,4.7909
solucao,16,1,12345,createe,com_indice,100000,714.2903
solucao,16,1,12345,retrieve,com_indice,100000,1.3454
solucao,16,1,12345,update,com_indice,100000,2.8562
solucao,16,1,12345,deletee,com_indice,100000,3.1168
solucao,16,1,12345,queryAll,com_indice,100000,466.9958
solucao,16,1,12345,queryBy,com_indice,100000,460.1500
solucao,16,1,12345,createe,sem_indice,100000,488.2416
solucao,16,1,12345,retrieve,sem_indice,100000,851.8536
solucao,16,1,12345,update,sem_indice,100000,934.0820
solucao,16,1,12345,deletee,sem_indice,100000,372.7503
solucao,16,1,12345,queryAll,sem_indice,100000,9.5952
solucao,16,1,12345,queryBy,sem_indice,100000,10.3021
solucao,16,2,12346,createe,com_indice,1000,5.9022
solucao,16,2,12346,retrieve,com_indice,1000,0.4325
solucao,16,2,12346,update,com_indice,1000,1.0615
solucao,16,2,12346,deletee,com_indice,1000,2.2084
solucao,16,2,12346,queryAll,com_indice,1000,2.4403
solucao,16,2,12346,queryBy,com_indice,1000,2.8982
solucao,16,2,12346,createe,sem_indice,1000,5.0953
solucao,16,2,12346,retrieve,sem_indice,1000,4.4432
solucao,16,2,12346,update,sem_indice,1000,4.8735
solucao,16,2,12346,deletee,sem_indice,1000,10.2333
solucao,16,2,12346,queryAll,sem_indice,1000,0.0531
solucao,16,2,12346,queryBy,sem_indice,1000,0.0432
solucao,16,2,12346,createe,com_indice,5000,24.4498
solucao,16,2,12346,retrieve,com_indice,5000,0.4222
solucao,16,2,12346,update,com_indice,5000,1.9165
solucao,16,2,12346,deletee,com_indice,5000,3.0649
solucao,16,2,12346,queryAll,com_indice,5000,12.1848
solucao,16,2,12346,queryBy,com_indice,5000,16.5297
solucao,16,2,12346,createe,sem_indice,5000,58.6842
solucao,16,2,12346,retrieve,sem_indice,5000,47.1369
solucao,16,2,12346,update,sem_indice,5000,25.9856
solucao,16,2,12346,deletee,sem_indice,5000,30.8276
solucao,16,2,12346,queryAll,sem_indice,5000,0.3958
solucao,16,2,12346,queryBy,sem_indice,5000,0.6003
solucao,16,2,12346,createe,com_indice,20000,116.2440
solucao,16,2,12346,retrieve,com_indice,20000,0.5130
solucao,16,2,12346,update,com_indice,20000,1.2849
solucao,16,2,12346,deletee,com_indice,20000,1.5118
solucao,16,2,12346,queryAll,com_indice,20000,73.1186
solucao,16,2,12346,queryBy,com_indice,20000,49.9558
solucao,16,2,12346,createe,sem_indice,20000,89.0711
solucao,16,2,12346,retrieve,sem_indice,20000,125.8522
solucao,16,2,12346,update,sem_indice,20000,97.7984
solucao,16,2,12346,deletee,sem_indice,20000,97.9904
solucao,16,2,12346,queryAll,sem_indice,20000,3.1479
solucao,16,2,12346,queryBy,sem_indice,20000,2.6262
solucao,16,2,12346,createe,com_indice,50000,324.0145
solucao,16,2,12346,retrieve,com_indice,50000,1.2721
solucao,16,2,12346,update,com_indice,50000,1.9998
solucao,16,2,12346,deletee,com_indice,50000,3.6656
solucao,16,2,12346,queryAll,com_indice,50000,139.4232
solucao,16,2,12346,queryBy,com_indice,50000,135.2240
solucao,16,2,12346,createe,sem_indice,50000,230.1653
solucao,16,2,12346,retrieve,sem_indice,50000,261.4813
solucao,16,2,12346,update,sem_indice,50000,250.5397
solucao,16,2,12346,deletee,sem_indice,50000,188.1194
solucao,16,2,12346,queryAll,sem_indice,50000,5.5167
solucao,16,2,12346,queryBy,sem_indice,50000,4.2704
solucao,16,2,12346,createe,com_indice,100000,667.2582
solucao,16,2,12346,retrieve,com_indice,100000,1.5220
solucao,16,2,12346,update,com_indice,100000,3.2288
solucao,16,2,12346,deletee,com_indice,100000,3.7184
solucao,16,2,12346,queryAll,com_indice,100000,480.3687
solucao,16,2,12346,queryBy,com_indice,100000,492.1618
solucao,16,2,12346,createe,sem_indice,100000,503.3001
solucao,16,2,12346,retrieve,sem_indice,100000,857.5116
solucao,16,2,12346,update,sem_indice,100000,935.4173
solucao,16,2,12346,deletee,sem_indice,100000,434.6969
solucao,16,2,12346,queryAll,sem_indice,100000,13.9753
solucao,16,2,12346,queryBy,sem_indice,100000,8.8217
solucao,16,3,12347,createe,com_indice,1000,7.0468
solucao,16,3,12347,retrieve,com_indice,1000,0.4320
solucao,16,3,12347,update,com_indice,1000,1.1217
solucao,16,3,12347,deletee,com_indice,1000,2.0617
solucao,16,3,12347,queryAll,com_indice,1000,2.3043
solucao,16,3,12347,queryBy,com_indice,1000,2.2612
solucao,16,3,12347,createe,sem_indice,1000,4.9389
solucao,16,3,12347,retrieve,sem_indice,1000,5.6565
solucao,16,3,12347,update,sem_indice,1000,6.1049
solucao,16,3,12347,deletee,sem_indice,1000,11.3633
solucao,16,3,12347,queryAll,sem_indice,1000,0.1076
solucao,16,3,12347,queryBy,sem_indice,1000,0.0821
solucao,16,3,12347,createe,com_indice,5000,27.3393
solucao,16,3,12347,retrieve,com_indice,5000,0.4551
solucao,16,3,12347,update,com_indice,5000,1.4727
solucao,16,3,12347,deletee,com_indice,5000,2.1326
solucao,16,3,12347,queryAll,com_indice,5000,12.4340
solucao,16,3,12347,queryBy,com_indice,5000,17.8628
solucao,16,3,12347,createe,sem_indice,5000,29.7857
solucao,16,3,12347,retrieve,sem_indice,5000,27.0812
solucao,16,3,12347,update,sem_indice,5000,24.9002
solucao,16,3,12347,deletee,sem_indice,5000,40.0553
solucao,16,3,12347,queryAll,sem_indice,5000,0.5152
solucao,16,3,12347,queryBy,sem_indice,5000,0.4753
solucao,16,3,12347,createe,com_indice,20000,147.1543
solucao,16,3,12347,retrieve,com_indice,20000,0.9750
solucao,16,3,12347,update,com_indice,20000,1.9474
solucao,16,3,12347,deletee,com_indice,20000,2.3869
solucao,16,3,12347,queryAll,com_indice,20000,53.2248
solucao,16,3,12347,queryBy,com_indice,20000,52.4952
solucao,16,3,12347,createe,sem_indice,20000,93.5810
solucao,16,3,12347,retrieve,sem_indice,20000,80.9379
solucao,16,3,12347,update,sem_indice,20000,108.5872
solucao,16,3,12347,deletee,sem_indice,20000,87.6162
solucao,16,3,12347,queryAll,sem_indice,20000,1.5974
solucao,16,3,12347,queryBy,sem_indice,20000,2.1164
solucao,16,3,12347,createe,com_indice,50000,316.0855
solucao,16,3,12347,retrieve,com_indice,50000,0.8681
solucao,16,3,12347,update,com_indice,50000,1.9035
solucao,16,3,12347,deletee,com_indice,50000,2.0097
solucao,16,3,12347,queryAll,com_indice,50000,131.8195
solucao,16,3,12347,queryBy,com_indice,50000,135.8343
solucao,16,3,12347,createe,sem_indice,50000,233.7359
solucao,16,3,12347,retrieve,sem_indice,50000,252.7773
solucao,16,3,12347,update,sem_indice,50000,231.7427
solucao,16,3,12347,deletee,sem_indice,50000,203.8311
solucao,16,3,12347,queryAll,sem_indice,50000,5.0690
solucao,16,3,12347,queryBy,sem_indice,50000,4.3619
solucao,16,3,12347,createe,com_indice,100000,938.3824
solucao,16,3,12347,retrieve,com_indice,100000,3.0551
solucao,16,3,12347,update,com_indice,100000,6.2428
solucao,16,3,12347,deletee,com_indice,100000,4.8411
solucao,16,3,12347,queryAll,com_indice,100000,544.9251
solucao,16,3,12347,queryBy,com_indice,100000,517.4510
solucao,16,3,12347,createe,sem_indice,100000,477.9070
solucao,16,3,12347,retrieve,sem_indice,100000,830.8813
solucao,16,3,12347,update,sem_indice,100000,1001.9012
solucao,16,3,12347,deletee,sem_indice,100000,364.7247
solucao,16,3,12347,queryAll,sem_indice,100000,9.2308
solucao,16,3,12347,queryBy,sem_indice,100000,13.3717
solucao,32,1,12345,createe,com_indice,1000,5.2441
solucao,32,1,12345,retrieve,com_indice,1000,0.4169
solucao,32,1,12345,update,com_indice,1000,1.2771
solucao,32,1,12345,deletee,com_indice,1000,1.9854
solucao,32,1,12345,queryAll,com_indice,1000,2.0948
solucao,32,1,12345,queryBy,com_indice,1000,1.9277
solucao,32,1,12345,createe,sem_indice,1000,4.5185
solucao,32,1,12345,retrieve,sem_indice,1000,5.0686
solucao,32,1,12345,update,sem_indice,1000,5.3885
solucao,32,1,12345,deletee,sem_indice,1000,9.3509
solucao,32,1,12345,queryAll,sem_indice,1000,0.0696
solucao,32,1,12345,queryBy,sem_indice,1000,0.0623
solucao,32,1,12345,createe,com_indice,5000,25.5632
solucao,32,1,12345,retrieve,com_indice,5000,0.5238
solucao,32,1,12345,update,com_indice,5000,1.5345
solucao,32,1,12345,deletee,com_indice,5000,1.9533
solucao,32,1,12345,queryAll,com_indice,5000,13.9916
solucao,32,1,12345,queryBy,com_indice,5000,21.9404
solucao,32,1,12345,createe,sem_indice,5000,24.6380
solucao,32,1,12345,retrieve,sem_indice,5000,36.3999
solucao,32,1,12345,update,sem_indice,5000,43.8246
solucao,32,1,12345,deletee,sem_indice,5000,35.4907
solucao,32,1,12345,queryAll,sem_indice,5000,0.4984
solucao,32,1,12345,queryBy,sem_indice,5000,0.5023
solucao,32,1,12345,createe,com_indice,20000,232.8669
solucao,32,1,12345,retrieve,com_indice,20000,1.2175
solucao,32,1,12345,update,com_indice,20000,3.2056
solucao,32,1,12345,deletee,com_indice,20000,4.8905
solucao,32,1,12345,queryAll,com_indice,20000,89.7940
solucao,32,1,12345,queryBy,com_indice,20000,121.7237
solucao,32,1,12345,createe,sem_indice,20000,174.8423
solucao,32,1,12345,retrieve,sem_indice,20000,129.1091
solucao,32,1,12345,update,sem_indice,20000,193.4618
solucao,32,1,12345,deletee,sem_indice,20000,175.3040
solucao,32,1,12345,queryAll,sem_indice,20000,3.8417
solucao,32,1,12345,queryBy,sem_indice,20000,4.1834
solucao,32,1,12345,createe,com_indice,50000,463.5721
solucao,32,1,12345,retrieve,com_indice,50000,0.6407
solucao,32,1,12345,update,com_indice,50000,1.4760
solucao,32,1,12345,deletee,com_indice,50000,1.7515
solucao,32,1,12345,queryAll,com_indice,50000,188.7658
solucao,32,1,12345,queryBy,com_indice,50000,251.4206
solucao,32,1,12345,createe,sem_indice,50000,222.1268
solucao,32,1,12345,retrieve,sem_indice,50000,332.1040
solucao,32,1,12345,update,sem_indice,50000,328.7931
solucao,32,1,12345,deletee,sem_indice,50000,195.4269
solucao,32,1,12345,queryAll,sem_indice,50000,5.0077
solucao,32,1,12345,queryBy,sem_indice,50000,4.0376
solucao,32,1,12345,createe,com_indice,100000,598.1491
solucao,32,1,12345,retrieve,com_indice,100000,1.0907
solucao,32,1,12345,update,com_indice,100000,1.8652
solucao,32,1,12345,deletee,com_indice,100000,1.7667
solucao,32,1,12345,queryAll,com_indice,100000,468.5667
solucao,32,1,12345,queryBy,com_indice,100000,532.3488
solucao,32,1,12345,createe,sem_indice,100000,510.9304
solucao,32,1,12345,retrieve,sem_indice,100000,756.1365
solucao,32,1,12345,update,sem_indice,100000,830.7271
solucao,32,1,12345,deletee,sem_indice,100000,382.7399
solucao,32,1,12345,queryAll,sem_indice,100000,10.0406
solucao,32,1,12345,queryBy,sem_indice,100000,11.1083
solucao,32,2,12346,createe,com_indice,1000,5.1830
solucao,32,2,12346,retrieve,com_indice,1000,0.4167
solucao,32,2,12346,update,com_indice,1000,1.2677
solucao,32,2,12346,deletee,com_indice,1000,2.2278
solucao,32,2,12346,queryAll,com_indice,1000,2.0632
solucao,32,2,12346,queryBy,com_indice,1000,2.1902
solucao,32,2,12346,createe,sem_indice,1000,4.2187
solucao,32,2,12346,retrieve,sem_indice,1000,4.5892
solucao,32,2,12346,update,sem_indice,1000,5.3643
solucao,32,2,12346,deletee,sem_indice,1000,8.9626
solucao,32,2,12346,queryAll,sem_indice,1000,0.0772
solucao,32,2,12346,queryBy,sem_indice,1000,0.0583
solucao,32,2,12346,createe,com_indice,5000,25.6146
solucao,32,2,12346,retrieve,com_indice,5000,0.5090
solucao,32,2,12346,update,com_indice,5000,1.2859
solucao,32,2,12346,deletee,com_indice,5000,1.6904
solucao,32,2,12346,queryAll,com_indice,5000,11.9200
solucao,32,2,12346,queryBy,com_indice,5000,11.1753
solucao,32,2,12346,createe,sem_indice,5000,29.1632
solucao,32,2,12346,retrieve,sem_indice,5000,28.7332
solucao,32,2,12346,update,sem_indice,5000,24.0546
solucao,32,2,12346,deletee,sem_indice,5000,21.8737
solucao,32,2,12346,queryAll,sem_indice,5000,0.3617
solucao,32,2,12346,queryBy,sem_indice,5000,0.3442
solucao,32,2,12346,createe,com_indice,20000,116.5541
solucao,32,2,12346,retrieve,com_indice,20000,0.6133
solucao,32,2,12346,update,com_indice,20000,1.4798
solucao,32,2,12346,deletee,com_indice,20000,1.5303
solucao,32,2,12346,queryAll,com_indice,20000,56.0511
solucao,32,2,12346,queryBy,com_indice,20000,48.8597
solucao,32,2,12346,createe,sem_indice,20000,146.9639
solucao,32,2,12346,retrieve,sem_indice,20000,101.0595
solucao,32,2,12346,update,sem_indice,20000,90.2392
solucao,32,2,12346,deletee,sem_indice,20000,109.6317
solucao,32,2,12346,queryAll,sem_indice,20000,1.5543
solucao,32,2,12346,queryBy,sem_indice,20000,1.9157
solucao,32,2,12346,createe,com_indice,50000,383.2187
solucao,32,2,12346,retrieve,com_indice,50000,0.6210
solucao,32,2,12346,update,com_indice,50000,1.4746
solucao,32,2,12346,deletee,com_indice,50000,1.7609
solucao,32,2,12346,queryAll,com_indice,50000,161.1854
solucao,32,2,12346,queryBy,com_indice,50000,184.2561
solucao,32,2,12346,createe,sem_indice,50000,218.5921
solucao,32,2,12346,retrieve,sem_indice,50000,331.6465
solucao,32,2,12346,update,sem_indice,50000,282.8812
solucao,32,2,12346,deletee,sem_indice,50000,215.6144
solucao,32,2,12346,queryAll,sem_indice,50000,5.0543
solucao,32,2,12346,queryBy,sem_indice,50000,3.6025
solucao,32,2,12346,createe,com_indice,100000,636.5842
solucao,32,2,12346,retrieve,com_indice,100000,1.3317
solucao,32,2,12346,update,com_indice,100000,2.6826
solucao,32,2,12346,deletee,com_indice,100000,2.6909
solucao,32,2,12346,queryAll,com_indice,100000,487.6046
solucao,32,2,12346,queryBy,com_indice,100000,502.6712
solucao,32,2,12346,createe,sem_indice,100000,568.1936
solucao,32,2,12346,retrieve,sem_indice,100000,838.8435
solucao,32,2,12346,update,sem_indice,100000,947.1281
solucao,32,2,12346,deletee,sem_indice,100000,408.8476
solucao,32,2,12346,queryAll,sem_indice,100000,10.8216
solucao,32,2,12346,queryBy,sem_indice,100000,13.5941
solucao,32,3,12347,createe,com_indice,1000,5.6588
solucao,32,3,12347,retrieve,com_indice,1000,0.7745
solucao,32,3,12347,update,com_indice,1000,1.8999
solucao,32,3,12347,deletee,com_indice,1000,1.7835
solucao,32,3,12347,queryAll,com_indice,1000,2.2476
solucao,32,3,12347,queryBy,com_indice,1000,2.0552
solucao,32,3,12347,createe,sem_indice,1000,4.9261
solucao,32,3,12347,retrieve,sem_indice,1000,5.6362
solucao,32,3,12347,update,sem_indice,1000,5.1503
solucao,32,3,12347,deletee,sem_indice,1000,10.9145
solucao,32,3,12347,queryAll,sem_indice,1000,0.0528
solucao,32,3,12347,queryBy,sem_indice,1000,0.0445
solucao,32,3,12347,createe,com_indice,5000,27.2925
solucao,32,3,12347,retrieve,com_indice,5000,0.4673
solucao,32,3,12347,update,com_indice,5000,1.2540
solucao,32,3,12347,deletee,com_indice,5000,1.5030
solucao,32,3,12347,queryAll,com_indice,5000,10.6722
solucao,32,3,12347,queryBy,com_indice,5000,11.4978
solucao,32,3,12347,createe,sem_indice,5000,20.9568
solucao,32,3,12347,retrieve,sem_indice,5000,21.3345
solucao,32,3,12347,update,sem_indice,5000,23.6441
solucao,32,3,12347,deletee,sem_indice,5000,23.8122
solucao,32,3,12347,queryAll,sem_indice,5000,0.5052
solucao,32,3,12347,queryBy,sem_indice,5000,0.4607
solucao,32,3,12347,createe,com_indice,20000,114.8198
solucao,32,3,12347,retrieve,com_indice,20000,0.5859
solucao,32,3,12347,update,com_indice,20000,1.2620
solucao,32,3,12347,deletee,com_indice,20000,1.4774
solucao,32,3,12347,queryAll,com_indice,20000,49.1791
solucao,32,3,12347,queryBy,com_indice,20000,50.7482
solucao,32,3,12347,createe,sem_indice,20000,96.8190
solucao,32,3,12347,retrieve,sem_indice,20000,78.4084
solucao,32,3,12347,update,sem_indice,20000,92.1620
solucao,32,3,12347,deletee,sem_indice,20000,73.4206
solucao,32,3,12347,queryAll,sem_indice,20000,1.5269
solucao,32,3,12347,queryBy,sem_indice,20000,1.5025
solucao,32,3,12347,createe,com_indice,50000,304.3257
solucao,32,3,12347,retrieve,com_indice,50000,0.6693
solucao,32,3,12347,update,com_indice,50000,1.4773
solucao,32,3,12347,deletee,com_indice,50000,2.3241
solucao,32,3,12347,queryAll,com_indice,50000,147.1530
solucao,32,3,12347,queryBy,com_indice,50000,131.1981
solucao,32,3,12347,createe,sem_indice,50000,217.1754
solucao,32,3,12347,retrieve,sem_indice,50000,254.3493
solucao,32,3,12347,update,sem_indice,50000,235.2110
solucao,32,3,12347,deletee,sem_indice,50000,184.4764
solucao,32,3,12347,queryAll,sem_indice,50000,4.2059
solucao,32,3,12347,queryBy,sem_indice,50000,4.5756
solucao,32,3,12347,createe,com_indice,100000,643.9138
solucao,32,3,12347,retrieve,com_indice,100000,2.8496
solucao,32,3,12347,update,com_indice,100000,4.3131
solucao,32,3,12347,deletee,com_indice,100000,4.3234
solucao,32,3,12347,queryAll,com_indice,100000,506.1399
solucao,32,3,12347,queryBy,com_indice,100000,474.3282
solucao,32,3,12347,createe,sem_indice,100000,572.0870
solucao,32,3,12347,retrieve,sem_indice,100000,826.6587
solucao,32,3,12347,update,sem_indice,100000,996.8671
solucao,32,3,12347,deletee,sem_indice,100000,414.3774
solucao,32,3,12347,queryAll,sem_indice,100000,8.1761
solucao,32,3,12347,queryBy,sem_indice,100000,8.8560
solucao,64,1,12345,createe,com_indice,1000,9.2353
solucao,64,1,12345,retrieve,com_indice,1000,0.7250
solucao,64,1,12345,update,com_indice,1000,1.8544
solucao,64,1,12345,deletee,com_indice,1000,2.7230
solucao,64,1,12345,queryAll,com_indice,1000,3.6886
solucao,64,1,12345,queryBy,com_indice,1000,3.1953
solucao,64,1,12345,createe,sem_indice,1000,4.1667
solucao,64,1,12345,retrieve,sem_indice,1000,4.3596
solucao,64,1,12345,update,sem_indice,1000,4.7126
solucao,64,1,12345,deletee,sem_indice,1000,10.1052
solucao,64,1,12345,queryAll,sem_indice,1000,0.0761
solucao,64,1,12345,queryBy,sem_indice,1000,0.0687
solucao,64,1,12345,createe,com_indice,5000,29.4897
solucao,64,1,12345,retrieve,com_indice,5000,0.5457
solucao,64,1,12345,update,com_indice,5000,1.3219
solucao,64,1,12345,deletee,com_indice,5000,2.7065
solucao,64,1,12345,queryAll,com_indice,5000,13.6561
solucao,64,1,12345,queryBy,com_indice,5000,10.5231
solucao,64,1,12345,createe,sem_indice,5000,37.3584
solucao,64,1,12345,retrieve,sem_indice,5000,23.0420
solucao,64,1,12345,update,sem_indice,5000,19.7742
solucao,64,1,12345,deletee,sem_indice,5000,25.2462
solucao,64,1,12345,queryAll,sem_indice,5000,0.3873
solucao,64,1,12345,queryBy,sem_indice,5000,0.4037
solucao,64,1,12345,createe,com_indice,20000,131.6732
solucao,64,1,12345,retrieve,com_indice,20000,0.4991
solucao,64,1,12345,update,com_indice,20000,1.1556
solucao,64,1,12345,deletee,com_indice,20000,1.4182
solucao,64,1,12345,queryAll,com_indice,20000,55.4082
solucao,64,1,12345,queryBy,com_indice,20000,47.5971
solucao,64,1,12345,createe,sem_indice,20000,87.4379
solucao,64,1,12345,retrieve,sem_indice,20000,90.2903
solucao,64,1,12345,update,sem_indice,20000,96.5143
solucao,64,1,12345,deletee,sem_indice,20000,118.2941
solucao,64,1,12345,queryAll,sem_indice,20000,1.8207
solucao,64,1,12345,queryBy,sem_indice,20000,1.7976
solucao,64,1,12345,createe,com_indice,50000,281.9352
solucao,64,1,12345,retrieve,com_indice,50000,0.6569
solucao,64,1,12345,update,com_indice,50000,1.4051
solucao,64,1,12345,deletee,com_indice,50000,1.5081
solucao,64,1,12345,queryAll,com_indice,50000,156.0263
solucao,64,1,12345,queryBy,com_indice,50000,161.1848
solucao,64,1,12345,createe,sem_indice,50000,286.3575
solucao,64,1,12345,retrieve,sem_indice,50000,256.9780
solucao,64,1,12345,update,sem_indice,50000,295.3673
solucao,64,1,12345,deletee,sem_indice,50000,177.1101
solucao,64,1,12345,queryAll,sem_indice,50000,3.9854
solucao,64,1,12345,queryBy,sem_indice,50000,5.1538
solucao,64,1,12345,createe,com_indice,100000,620.5180
solucao,64,1,12345,retrieve,com_indice,100000,0.9603
solucao,64,1,12345,update,com_indice,100000,1.7940
solucao,64,1,12345,deletee,com_indice,100000,2.2846
solucao,64,1,12345,queryAll,com_indice,100000,520.1978
solucao,64,1,12345,queryBy,com_indice,100000,456.5348
solucao,64,1,12345,createe,sem_indice,100000,479.9261
solucao,64,1,12345,retrieve,sem_indice,100000,808.7950
solucao,64,1,12345,update,sem_indice,100000,933.6363
solucao,64,1,12345,deletee,sem_indice,100000,445.3811
solucao,64,1,12345,queryAll,sem_indice,100000,8.3952
solucao,64,1,12345,queryBy,sem_indice,100000,8.1220
solucao,64,2,12346,createe,com_indice,1000,6.6596
solucao,64,2,12346,retrieve,com_indice,1000,0.5013
solucao,64,2,12346,update,com_indice,1000,1.2444
solucao,64,2,12346,deletee,com_indice,1000,1.6366
solucao,64,2,12346,queryAll,com_indice,1000,2.3388
solucao,64,2,12346,queryBy,com_indice,1000,2.2989
solucao,64,2,12346,createe,sem_indice,1000,4.4606
solucao,64,2,12346,retrieve,sem_indice,1000,4.6613
solucao,64,2,12346,update,sem_indice,1000,4.7024
solucao,64,2,12346,deletee,sem_indice,1000,9.4067
solucao,64,2,12346,queryAll,sem_indice,1000,0.0692
solucao,64,2,12346,queryBy,sem_indice,1000,0.0440
solucao,64,2,12346,createe,com_indice,5000,23.9792
solucao,64,2,12346,retrieve,com_indice,5000,0.4454
solucao,64,2,12346,update,com_indice,5000,1.0863
solucao,64,2,12346,deletee,com_indice,5000,1.4337
solucao,64,2,12346,queryAll,com_indice,5000,17.5880
solucao,64,2,12346,queryBy,com_indice,5000,16.3385
solucao,64,2,12346,createe,sem_indice,5000,47.3117
solucao,64,2,12346,retrieve,sem_indice,5000,47.7589
solucao,64,2,12346,update,sem_indice,5000,24.6510
solucao,64,2,12346,deletee,sem_indice,5000,22.9035
solucao,64,2,12346,queryAll,sem_indice,5000,0.2931
solucao,64,2,12346,queryBy,sem_indice,5000,0.2626
solucao,64,2,12346,createe,com_indice,20000,101.1386
solucao,64,2,12346,retrieve,com_indice,20000,0.4744
solucao,64,2,12346,update,com_indice,20000,1.1115
solucao,64,2,12346,deletee,com_indice,20000,1.3794
solucao,64,2,12346,queryAll,com_indice,20000,55.1199
solucao,64,2,12346,queryBy,com_indice,20000,50.6404
solucao,64,2,12346,createe,sem_indice,20000,129.8752
solucao,64,2,12346,retrieve,sem_indice,20000,80.3637
solucao,64,2,12346,update,sem_indice,20000,146.1234
solucao,64,2,12346,deletee,sem_indice,20000,93.5587
solucao,64,2,12346,queryAll,sem_indice,20000,1.6599
solucao,64,2,12346,queryBy,sem_indice,20000,1.7535
solucao,64,2,12346,createe,com_indice,50000,336.4101
solucao,64,2,12346,retrieve,com_indice,50000,0.6016
solucao,64,2,12346,update,com_indice,50000,1.3484
solucao,64,2,12346,deletee,com_indice,50000,1.5812
solucao,64,2,12346,queryAll,com_indice,50000,140.3104
solucao,64,2,12346,queryBy,com_indice,50000,144.9108
solucao,64,2,12346,createe,sem_indice,50000,261.0454
solucao,64,2,12346,retrieve,sem_indice,50000,256.4997
solucao,64,2,12346,update,sem_indice,50000,235.3951
solucao,64,2,12346,deletee,sem_indice,50000,186.3991
solucao,64,2,12346,queryAll,sem_indice,50000,4.5059
solucao,64,2,12346,queryBy,sem_indice,50000,5.0879
solucao,64,2,12346,createe,com_indice,100000,889.1712
solucao,64,2,12346,retrieve,com_indice,100000,0.9823
solucao,64,2,12346,update,com_indice,100000,1.9927
solucao,64,2,12346,deletee,com_indice,100000,2.3006
solucao,64,2,12346,queryAll,com_indice,100000,522.7840
solucao,64,2,12346,queryBy,com_indice,100000,470.0620
solucao,64,2,12346,createe,sem_indice,100000,450.0335
solucao,64,2,12346,retrieve,sem_indice,100000,811.7744
solucao,64,2,12346,update,sem_indice,100000,953.4194
solucao,64,2,12346,deletee,sem_indice,100000,463.8994
solucao,64,2,12346,queryAll,sem_indice,100000,10.9452
solucao,64,2,12346,queryBy,sem_indice,100000,10.0878
solucao,64,3,12347,createe,com_indice,1000,4.8962
solucao,64,3,12347,retrieve,com_indice,1000,0.4093
solucao,64,3,12347,update,com_indice,1000,1.0579
solucao,64,3,12347,deletee,com_indice,1000,1.4122
solucao,64,3,12347,queryAll,com_indice,1000,2.0003
solucao,64,3,12347,queryBy,com_indice,1000,2.0118
solucao,64,3,12347,createe,sem_indice,1000,4.1709
solucao,64,3,12347,retrieve,sem_indice,1000,4.2104
solucao,64,3,12347,update,sem_indice,1000,5.7365
solucao,64,3,12347,deletee,sem_indice,1000,10.5452
solucao,64,3,12347,queryAll,sem_indice,1000,0.0635
solucao,64,3,12347,queryBy,sem_indice,1000,0.0528
solucao,64,3,12347,createe,com_indice,5000,27.1298
solucao,64,3,12347,retrieve,com_indice,5000,0.5423
solucao,64,3,12347,update,com_indice,5000,1.3441
solucao,64,3,12347,deletee,com_indice,5000,1.7207
solucao,64,3,12347,queryAll,com_indice,5000,11.7477
solucao,64,3,12347,queryBy,com_indice,5000,11.0850
solucao,64,3,12347,createe,sem_indice,5000,22.3126
solucao,64,3,12347,retrieve,sem_indice,5000,24.8186
solucao,64,3,12347,update,sem_indice,5000,23.6741
solucao,64,3,12347,deletee,sem_indice,5000,25.1944
solucao,64,3,12347,queryAll,sem_indice,5000,0.4293
solucao,64,3,12347,queryBy,sem_indice,5000,0.2890
solucao,64,3,12347,createe,com_indice,20000,103.6800
solucao,64,3,12347,retrieve,com_indice,20000,0.8550
solucao,64,3,12347,update,com_indice,20000,1.4172
solucao,64,3,12347,deletee,com_indice,20000,1.7537
solucao,64,3,12347,queryAll,com_indice,20000,48.9782
solucao,64,3,12347,queryBy,com_indice,20000,48.4306
solucao,64,3,12347,createe,sem_indice,20000,101.4115
solucao,64,3,12347,retrieve,sem_indice,20000,88.8058
solucao,64,3,12347,update,sem_indice,20000,108.9297
solucao,64,3,12347,deletee,sem_indice,20000,113.7592
solucao,64,3,12347,queryAll,sem_indice,20000,3.6415
solucao,64,3,12347,queryBy,sem_indice,20000,3.3655
solucao,64,3,12347,createe,com_indice,50000,375.5862
solucao,64,3,12347,retrieve,com_indice,50000,1.1894
solucao,64,3,12347,update,com_indice,50000,2.4730
solucao,64,3,12347,deletee,com_indice,50000,2.4351
solucao,64,3,12347,queryAll,com_indice,50000,132.7848
solucao,64,3,12347,queryBy,com_indice,50000,132.7537
solucao,64,3,12347,createe,sem_indice,50000,239.9149
solucao,64,3,12347,retrieve,sem_indice,50000,351.1270
solucao,64,3,12347,update,sem_indice,50000,280.9079
solucao,64,3,12347,deletee,sem_indice,50000,207.5793
solucao,64,3,12347,queryAll,sem_indice,50000,3.9747
solucao,64,3,12347,queryBy,sem_indice,50000,4.1122
solucao,64,3,12347,createe,com_indice,100000,592.4027
solucao,64,3,12347,retrieve,com_indice,100000,0.8865
solucao,64,3,12347,update,com_indice,100000,1.7941
solucao,64,3,12347,deletee,com_indice,100000,1.9959
solucao,64,3,12347,queryAll,com_indice,100000,426.8607
solucao,64,3,12347,queryBy,com_indice,100000,456.3748
solucao,64,3,12347,createe,sem_indice,100000,577.3276
solucao,64,3,12347,retrieve,sem_indice,100000,864.0412
solucao,64,3,12347,update,sem_indice,100000,856.3142
solucao,64,3,12347,deletee,sem_indice,100000,340.7057
solucao,64,3,12347,queryAll,sem_indice,100000,8.9666
solucao,64,3,12347,queryBy,sem_indice,100000,8.2751
