repeticao,semente,operacao,layout,modo,N,ordem,operacoes,tempo_ms,comparacoes_por_busca
1,12345,queryAll,aleatorio,indice_lista,100000,4,5,440.522320,0
1,12345,queryAll,aleatorio,sequencial_lista,100000,4,5,21.412140,0
1,12345,queryAll,aleatorio,sequencial_buffer,100000,4,5,8.957400,0
1,12345,queryAll,aleatorio,somente_folhas,100000,4,5,3.820700,0
1,12345,buscarArv,aleatorio,somente_indice,100000,4,100000,83.217500,17.970620
1,12345,queryAll,ordenado,indice_lista,100000,4,5,236.573880,0
1,12345,queryAll,ordenado,sequencial_lista,100000,4,5,22.433860,0
1,12345,queryAll,ordenado,sequencial_buffer,100000,4,5,8.481460,0
1,12345,queryAll,ordenado,somente_folhas,100000,4,5,1.531160,0
2,12346,queryAll,aleatorio,indice_lista,100000,4,5,478.823160,0
2,12346,queryAll,aleatorio,sequencial_lista,100000,4,5,25.531140,0
2,12346,queryAll,aleatorio,sequencial_buffer,100000,4,5,9.573380,0
2,12346,queryAll,aleatorio,somente_folhas,100000,4,5,3.693920,0
2,12346,buscarArv,aleatorio,somente_indice,100000,4,100000,80.255700,17.301760
2,12346,queryAll,ordenado,indice_lista,100000,4,5,258.608420,0
2,12346,queryAll,ordenado,sequencial_lista,100000,4,5,23.596540,0
2,12346,queryAll,ordenado,sequencial_buffer,100000,4,5,12.331140,0
2,12346,queryAll,ordenado,somente_folhas,100000,4,5,1.835440,0
3,12347,queryAll,aleatorio,indice_lista,100000,4,5,456.344760,0
3,12347,queryAll,aleatorio,sequencial_lista,100000,4,5,23.210240,0
3,12347,queryAll,aleatorio,sequencial_buffer,100000,4,5,12.235860,0
3,12347,queryAll,aleatorio,somente_folhas,100000,4,5,4.195400,0
3,12347,buscarArv,aleatorio,somente_indice,100000,4,100000,83.251700,17.711880
3,12347,queryAll,ordenado,indice_lista,100000,4,5,265.440220,0
3,12347,queryAll,ordenado,sequencial_lista,100000,4,5,24.039160,0
3,12347,queryAll,ordenado,sequencial_buffer,100000,4,5,8.333580,0
3,12347,queryAll,ordenado,somente_folhas,100000,4,5,1.411420,0
1,12345,queryAll,aleatorio,indice_lista,100000,8,5,455.238680,0
1,12345,queryAll,aleatorio,sequencial_lista,100000,8,5,23.621480,0
1,12345,queryAll,aleatorio,sequencial_buffer,100000,8,5,8.979260,0
1,12345,queryAll,aleatorio,somente_folhas,100000,8,5,2.007640,0
1,12345,buscarArv,aleatorio,somente_indice,100000,8,100000,52.769400,20.037090
1,12345,queryAll,ordenado,indice_lista,100000,8,5,331.092220,0
1,12345,queryAll,ordenado,sequencial_lista,100000,8,5,25.403220,0
1,12345,queryAll,ordenado,sequencial_buffer,100000,8,5,9.533980,0
1,12345,queryAll,ordenado,somente_folhas,100000,8,5,0.987500,0
2,12346,queryAll,aleatorio,indice_lista,100000,8,5,427.475300,0
2,12346,queryAll,aleatorio,sequencial_lista,100000,8,5,24.457560,0
2,12346,queryAll,aleatorio,sequencial_buffer,100000,8,5,11.154780,0
2,12346,queryAll,aleatorio,somente_folhas,100000,8,5,1.936160,0
2,12346,buscarArv,aleatorio,somente_indice,100000,8,100000,42.713000,20.246070
2,12346,queryAll,ordenado,indice_lista,100000,8,5,281.237560,0
2,12346,queryAll,ordenado,sequencial_lista,100000,8,5,23.816080,0
2,12346,queryAll,ordenado,sequencial_buffer,100000,8,5,8.952080,0
2,12346,queryAll,ordenado,somente_folhas,100000,8,5,1.139540,0
3,12347,queryAll,aleatorio,indice_lista,100000,8,5,455.003680,0
3,12347,queryAll,aleatorio,sequencial_lista,100000,8,5,22.947520,0
3,12347,queryAll,aleatorio,sequencial_buffer,100000,8,5,7.375520,0
3,12347,queryAll,aleatorio,somente_folhas,100000,8,5,1.969560,0
3,12347,buscarArv,aleatorio,somente_indice,100000,8,100000,33.838100,20.380300
3,12347,queryAll,ordenado,indice_lista,100000,8,5,259.987260,0
3,12347,queryAll,ordenado,sequencial_lista,100000,8,5,26.834320,0
3,12347,queryAll,ordenado,sequencial_buffer,100000,8,5,10.719800,0
3,12347,queryAll,ordenado,somente_folhas,100000,8,5,1.011460,0
1,12345,queryAll,aleatorio,indice_lista,100000,16,5,475.308540,0
1,12345,queryAll,aleatorio,sequencial_lista,100000,16,5,21.568860,0
1,12345,queryAll,aleatorio,sequencial_buffer,100000,16,5,9.129880,0
1,12345,queryAll,aleatorio,somente_folhas,100000,16,5,1.139240,0
1,12345,buscarArv,aleatorio,somente_indice,100000,16,100000,28.529100,24.757020
1,12345,queryAll,ordenado,indice_lista,100000,16,5,255.915120,0
1,12345,queryAll,ordenado,sequencial_lista,100000,16,5,22.588100,0
1,12345,queryAll,ordenado,sequencial_buffer,100000,16,5,9.320140,0
1,12345,queryAll,ordenado,somente_folhas,100000,16,5,0.658780,0
2,12346,queryAll,aleatorio,indice_lista,100000,16,5,456.640660,0
2,12346,queryAll,aleatorio,sequencial_lista,100000,16,5,32.890960,0
2,12346,queryAll,aleatorio,sequencial_buffer,100000,16,5,9.982800,0
2,12346,queryAll,aleatorio,somente_folhas,100000,16,5,0.949420,0
2,12346,buscarArv,aleatorio,somente_indice,100000,16,100000,30.323100,25.379900
2,12346,queryAll,ordenado,indice_lista,100000,16,5,269.243040,0
2,12346,queryAll,ordenado,sequencial_lista,100000,16,5,23.282840,0
2,12346,queryAll,ordenado,sequencial_buffer,100000,16,5,9.973060,0
2,12346,queryAll,ordenado,somente_folhas,100000,16,5,0.862200,0
3,12347,queryAll,aleatorio,indice_lista,100000,16,5,458.149460,0
3,12347,queryAll,aleatorio,sequencial_lista,100000,16,5,27.277500,0
3,12347,queryAll,aleatorio,sequencial_buffer,100000,16,5,14.759420,0
3,12347,queryAll,aleatorio,somente_folhas,100000,16,5,1.349480,0
3,12347,buscarArv,aleatorio,somente_indice,100000,16,100000,29.347000,24.911140
3,12347,queryAll,ordenado,indice_lista,100000,16,5,252.682280,0
3,12347,queryAll,ordenado,sequencial_lista,100000,16,5,24.874680,0
3,12347,queryAll,ordenado,sequencial_buffer,100000,16,5,9.130700,0
3,12347,queryAll,ordenado,somente_folhas,100000,16,5,0.519460,0
1,12345,queryAll,aleatorio,indice_lista,100000,32,5,457.725380,0
1,12345,queryAll,aleatorio,sequencial_lista,100000,32,5,23.593900,0
1,12345,queryAll,aleatorio,sequencial_buffer,100000,32,5,11.259720,0
1,12345,queryAll,aleatorio,somente_folhas,100000,32,5,0.946740,0
1,12345,buscarArv,aleatorio,somente_indice,100000,32,100000,25.736100,38.069560
1,12345,queryAll,ordenado,indice_lista,100000,32,5,293.301280,0
1,12345,queryAll,ordenado,sequencial_lista,100000,32,5,29.829540,0
1,12345,queryAll,ordenado,sequencial_buffer,100000,32,5,9.334520,0
1,12345,queryAll,ordenado,somente_folhas,100000,32,5,0.539060,0
2,12346,queryAll,aleatorio,indice_lista,100000,32,5,465.410960,0
2,12346,queryAll,aleatorio,sequencial_lista,100000,32,5,27.285080,0
2,12346,queryAll,aleatorio,sequencial_buffer,100000,32,5,16.267620,0
2,12346,queryAll,aleatorio,somente_folhas,100000,32,5,0.970400,0
2,12346,buscarArv,aleatorio,somente_indice,100000,32,100000,22.387100,37.726480
2,12346,queryAll,ordenado,indice_lista,100000,32,5,277.689800,0
2,12346,queryAll,ordenado,sequencial_lista,100000,32,5,23.912120,0
2,12346,queryAll,ordenado,sequencial_buffer,100000,32,5,8.298040,0
2,12346,queryAll,ordenado,somente_folhas,100000,32,5,0.634380,0
3,12347,queryAll,aleatorio,indice_lista,100000,32,5,464.094540,0
3,12347,queryAll,aleatorio,sequencial_lista,100000,32,5,29.590400,0
3,12347,queryAll,aleatorio,sequencial_buffer,100000,32,5,10.693220,0
3,12347,queryAll,aleatorio,somente_folhas,100000,32,5,0.788600,0
3,12347,buscarArv,aleatorio,somente_indice,100000,32,100000,23.863100,37.160430
3,12347,queryAll,ordenado,indice_lista,100000,32,5,282.515080,0
3,12347,queryAll,ordenado,sequencial_lista,100000,32,5,26.636340,0
3,12347,queryAll,ordenado,sequencial_buffer,100000,32,5,8.998860,0
3,12347,queryAll,ordenado,somente_folhas,100000,32,5,0.486720,0
1,12345,queryAll,aleatorio,indice_lista,100000,64,5,459.637940,0
1,12345,queryAll,aleatorio,sequencial_lista,100000,64,5,23.379820,0
1,12345,queryAll,aleatorio,sequencial_buffer,100000,64,5,15.040700,0
1,12345,queryAll,aleatorio,somente_folhas,100000,64,5,0.729360,0
1,12345,buscarArv,aleatorio,somente_indice,100000,64,100000,37.984400,54.662410
1,12345,queryAll,ordenado,indice_lista,100000,64,5,243.503340,0
1,12345,queryAll,ordenado,sequencial_lista,100000,64,5,30.402040,0
1,12345,queryAll,ordenado,sequencial_buffer,100000,64,5,7.689140,0
1,12345,queryAll,ordenado,somente_folhas,100000,64,5,0.390740,0
2,12346,queryAll,aleatorio,indice_lista,100000,64,5,450.758360,0
2,12346,queryAll,aleatorio,sequencial_lista,100000,64,5,24.154260,0
2,12346,queryAll,aleatorio,sequencial_buffer,100000,64,5,11.155180,0
2,12346,queryAll,aleatorio,somente_folhas,100000,64,5,0.846260,0
2,12346,buscarArv,aleatorio,somente_indice,100000,64,100000,26.313500,54.924090
2,12346,queryAll,ordenado,indice_lista,100000,64,5,249.539060,0
2,12346,queryAll,ordenado,sequencial_lista,100000,64,5,23.686960,0
2,12346,queryAll,ordenado,sequencial_buffer,100000,64,5,9.691060,0
2,12346,queryAll,ordenado,somente_folhas,100000,64,5,0.465140,0
3,12347,queryAll,aleatorio,indice_lista,100000,64,5,420.181900,0
3,12347,queryAll,aleatorio,sequencial_lista,100000,64,5,24.772600,0
3,12347,queryAll,aleatorio,sequencial_buffer,100000,64,5,8.589980,0
3,12347,queryAll,aleatorio,somente_folhas,100000,64,5,0.786660,0
3,12347,buscarArv,aleatorio,somente_indice,100000,64,100000,20.519800,55.535110
3,12347,queryAll,ordenado,indice_lista,100000,64,5,278.538440,0
3,12347,queryAll,ordenado,sequencial_lista,100000,64,5,30.529560,0
3,12347,queryAll,ordenado,sequencial_buffer,100000,64,5,10.980340,0
3,12347,queryAll,ordenado,somente_folhas,100000,64,5,0.435260,0
