versao,repeticao,semente,N,ordem,altura,nos,folhas,splits_folha,splits_interno,nos_criados,emprestimos_delete,fusoes_delete,splits_delete,nos_criados_delete
baseline,1,12345,1000,4,6,650,430,429,214,650,0,0,19082,19292
baseline,1,12345,5000,4,7,3258,2157,2156,1094,3258,0,0,97171,97411
baseline,1,12345,20000,4,8,12909,8556,8555,4345,12909,0,0,386459,386729
baseline,1,12345,50000,4,9,32464,21440,21439,11015,32464,0,0,973180,973480
baseline,1,12345,100000,4,10,64854,42851,42850,21993,64854,0,0,1944986,1945316
baseline,2,12346,1000,4,6,665,439,438,220,665,0,0,19428,19638
baseline,2,12346,5000,4,7,3280,2161,2160,1112,3280,0,0,97825,98065
baseline,2,12346,20000,4,8,12905,8555,8554,4342,12905,0,0,386791,387061
baseline,2,12346,50000,4,9,32412,21393,21392,11010,32412,0,0,971691,971991
baseline,2,12346,100000,4,10,64913,42907,42906,21996,64913,0,0,1946703,1947033
baseline,3,12347,1000,4,6,656,433,432,217,656,0,0,18979,19189
baseline,3,12347,5000,4,7,3259,2145,2144,1107,3259,0,0,97120,97360
baseline,3,12347,20000,4,9,12965,8568,8567,4388,12965,0,0,388293,388593
baseline,3,12347,50000,4,9,32417,21419,21418,10989,32417,0,0,971980,972280
baseline,3,12347,100000,4,10,64744,42814,42813,21920,64744,0,0,1941755,1942085
solucao,1,12345,1000,4,6,650,430,429,214,650,0,0,0,0
solucao,1,12345,5000,4,7,3258,2157,2156,1094,3258,0,0,0,0
solucao,1,12345,20000,4,8,12909,8556,8555,4345,12909,0,0,0,0
solucao,1,12345,50000,4,9,32464,21440,21439,11015,32464,0,0,0,0
solucao,1,12345,100000,4,10,64854,42851,42850,21993,64854,0,0,0,0
solucao,2,12346,1000,4,6,665,439,438,220,665,1,0,0,0
solucao,2,12346,5000,4,7,3280,2161,2160,1112,3280,0,0,0,0
solucao,2,12346,20000,4,8,12905,8555,8554,4342,12905,0,0,0,0
solucao,2,12346,50000,4,9,32412,21393,21392,11010,32412,0,0,0,0
solucao,2,12346,100000,4,10,64913,42907,42906,21996,64913,0,0,0,0
solucao,3,12347,1000,4,6,656,433,432,217,656,0,0,0,0
solucao,3,12347,5000,4,7,3259,2145,2144,1107,3259,0,0,0,0
solucao,3,12347,20000,4,9,12965,8568,8567,4388,12965,0,0,0,0
solucao,3,12347,50000,4,9,32417,21419,21418,10989,32417,0,0,0,0
solucao,3,12347,100000,4,10,64744,42814,42813,21920,64744,0,0,0,0
solucao,1,12345,1000,8,3,232,192,191,37,232,0,0,0,0
solucao,1,12345,5000,8,4,1197,991,990,202,1197,0,0,0,0
solucao,1,12345,20000,8,5,4796,3964,3963,827,4796,0,0,0,0
solucao,1,12345,50000,8,6,11922,9853,9852,2063,11922,0,0,0,0
solucao,1,12345,100000,8,6,23748,19634,19633,4108,23748,0,0,0,0
solucao,2,12346,1000,8,3,242,198,197,41,242,0,0,0,0
solucao,2,12346,5000,8,4,1201,996,995,201,1201,0,0,0,0
solucao,2,12346,20000,8,5,4782,3949,3948,828,4782,0,0,0,0
solucao,2,12346,50000,8,6,11937,9872,9871,2059,11937,0,0,0,0
solucao,2,12346,100000,8,6,23910,19744,19743,4160,23910,0,0,0,0
solucao,3,12347,1000,8,3,231,190,189,38,231,0,0,0,0
solucao,3,12347,5000,8,4,1196,987,986,205,1196,0,0,0,0
solucao,3,12347,20000,8,5,4750,3931,3930,814,4750,0,0,0,0
solucao,3,12347,50000,8,5,11919,9869,9868,2045,11919,0,0,0,0
solucao,3,12347,100000,8,6,23895,19748,19747,4141,23895,0,0,0,0
solucao,1,12345,1000,16,2,105,96,95,7,105,0,0,0,0
solucao,1,12345,5000,16,3,514,470,469,41,514,1,0,0,0
solucao,1,12345,20000,16,3,2063,1882,1881,178,2063,0,0,0,0
solucao,1,12345,50000,16,4,5165,4714,4713,447,5165,0,0,0,0
solucao,1,12345,100000,16,4,10319,9406,9405,909,10319,0,0,0,0
solucao,2,12346,1000,16,2,100,91,90,7,100,1,0,0,0
solucao,2,12346,5000,16,3,509,462,461,44,509,0,0,0,0
solucao,2,12346,20000,16,3,2055,1875,1874,177,2055,0,0,0,0
solucao,2,12346,50000,16,4,5207,4748,4747,455,5207,0,0,0,0
solucao,2,12346,100000,16,4,10357,9442,9441,911,10357,0,0,0,0
solucao,3,12347,1000,16,2,105,95,94,8,105,0,0,0,0
solucao,3,12347,5000,16,3,521,473,472,45,521,0,0,0,0
solucao,3,12347,20000,16,3,2090,1908,1907,179,2090,0,0,0,0
solucao,3,12347,50000,16,4,5172,4709,4708,459,5172,0,0,0,0
solucao,3,12347,100000,16,4,10351,9430,9429,917,10351,0,0,0,0
solucao,1,12345,1000,32,2,49,46,45,1,49,1,1,0,0
solucao,1,12345,5000,32,2,241,230,229,9,241,0,0,0,0
solucao,1,12345,20000,32,3,964,920,919,41,964,1,0,0,0
solucao,1,12345,50000,32,3,2440,2329,2328,108,2440,0,0,0,0
solucao,1,12345,100000,32,3,4810,4592,4591,215,4810,0,0,0,0
solucao,2,12346,1000,32,2,48,45,44,1,48,0,0,0,0
solucao,2,12346,5000,32,2,246,235,234,9,246,0,0,0,0
solucao,2,12346,20000,32,3,962,921,920,38,962,0,0,0,0
solucao,2,12346,50000,32,3,2431,2322,2321,106,2431,0,0,0,0
solucao,2,12346,100000,32,3,4781,4571,4570,207,4781,0,0,0,0
solucao,3,12347,1000,32,2,51,48,47,1,51,0,0,0,0
solucao,3,12347,5000,32,2,237,228,227,7,237,0,0,0,0
solucao,3,12347,20000,32,3,956,911,910,42,956,0,0,0,0
solucao,3,12347,50000,32,3,2427,2315,2314,109,2427,0,0,0,0
solucao,3,12347,100000,32,3,4792,4584,4583,205,4792,0,0,0,0
solucao,1,12345,1000,64,1,25,24,23,0,25,1,0,0,0
solucao,1,12345,5000,64,2,119,116,115,1,119,0,0,0,0
solucao,1,12345,20000,64,2,468,458,457,8,468,0,0,0,0
solucao,1,12345,50000,64,2,1186,1158,1157,26,1186,0,0,0,0
solucao,1,12345,100000,64,2,2344,2294,2293,48,2344,0,0,0,0
solucao,2,12346,1000,64,1,23,22,21,0,23,1,0,0,0
solucao,2,12346,5000,64,2,125,122,121,1,125,0,0,0,0
solucao,2,12346,20000,64,2,467,457,456,8,467,0,0,0,0
solucao,2,12346,50000,64,2,1168,1140,1139,26,1168,0,0,0,0
solucao,2,12346,100000,64,2,2330,2279,2278,49,2330,0,0,0,0
solucao,3,12347,1000,64,1,25,24,23,0,25,0,0,0,0
solucao,3,12347,5000,64,2,115,112,111,1,115,0,0,0,0
solucao,3,12347,20000,64,2,463,453,452,8,463,0,0,0,0
solucao,3,12347,50000,64,2,1175,1147,1146,26,1175,0,0,0,0
solucao,3,12347,100000,64,2,2336,2284,2283,50,2336,0,0,0,0
