versao,ordem,operacao,modo,N,mediana_ms,min_ms,max_ms
baseline,4,createe,com_indice,1000,5.3504,5.2873,5.457
baseline,4,retrieve,com_indice,1000,0.4299,0.4227,0.4321
baseline,4,update,com_indice,1000,1.0878,1.0827,1.2669
baseline,4,deletee,com_indice,1000,31.4684,28.75,32.3637
baseline,4,queryAll,com_indice,1000,2.2076,1.9384,2.5029
baseline,4,queryBy,com_indice,1000,2.6492,1.949,2.9122
baseline,4,createe,sem_indice,1000,5.3367,4.4498,8.357
baseline,4,retrieve,sem_indice,1000,5.4203,4.5941,7.4086
baseline,4,update,sem_indice,1000,4.9129,4.8424,7.9345
baseline,4,deletee,sem_indice,1000,13.2735,8.9095,13.7476
baseline,4,queryAll,sem_indice,1000,0.0747,0.0523,0.0867
baseline,4,queryBy,sem_indice,1000,0.0639,0.0441,0.0646
baseline,4,createe,com_indice,5000,26.2733,25.2201,34.3258
baseline,4,retrieve,com_indice,5000,0.4487,0.4487,0.4944
baseline,4,update,com_indice,5000,1.1135,1.0904,1.1552
baseline,4,deletee,com_indice,5000,173.2371,139.2486,208.5779
baseline,4,queryAll,com_indice,5000,13.0442,12.8891,18.0217
baseline,4,queryBy,com_indice,5000,15.7186,15.4715,16.5411
baseline,4,createe,sem_indice,5000,25.1836,19.8984,34.1227
baseline,4,retrieve,sem_indice,5000,36.8905,24.1421,38.8565
baseline,4,update,sem_indice,5000,26.8751,21.4062,34.9059
baseline,4,deletee,sem_indice,5000,24.109,19.6654,31.372
baseline,4,queryAll,sem_indice,5000,0.4955,0.3655,0.5437
baseline,4,queryBy,sem_indice,5000,0.465,0.3517,0.504
baseline,4,createe,com_indice,20000,133.1437,117.7749,217.3441
baseline,4,retrieve,com_indice,20000,0.6392,0.5702,1.6393
baseline,4,update,com_indice,20000,1.4105,1.283,3.3883
baseline,4,deletee,com_indice,20000,776.8807,768.0915,1149.9197
baseline,4,queryAll,com_indice,20000,54.7371,53.1345,61.5963
baseline,4,queryBy,com_indice,20000,66.2815,52.8085,71.2363
baseline,4,createe,sem_indice,20000,90.5204,87.6672,106.9786
baseline,4,retrieve,sem_indice,20000,85.59,85.1193,108.8796
baseline,4,update,sem_indice,20000,91.418,84.3637,92.6115
baseline,4,deletee,sem_indice,20000,76.7008,74.9716,77.9467
baseline,4,queryAll,sem_indice,20000,1.4142,1.4024,1.6339
baseline,4,queryBy,sem_indice,20000,1.4702,1.4312,1.6246
baseline,4,createe,com_indice,50000,367.2113,326.3275,450.5347
baseline,4,retrieve,com_indice,50000,1.2642,0.8174,1.4654
baseline,4,update,com_indice,50000,2.433,1.7173,3.9654
baseline,4,deletee,com_indice,50000,2405.7903,2257.5931,2570.3844
baseline,4,queryAll,com_indice,50000,155.8764,145.1381,167.9165
baseline,4,queryBy,com_indice,50000,162.3598,132.9271,171.8506
baseline,4,createe,sem_indice,50000,267.7997,208.8138,271.353
baseline,4,retrieve,sem_indice,50000,262.9253,243.9943,268.9115
baseline,4,update,sem_indice,50000,244.0467,233.2961,247.9701
baseline,4,deletee,sem_indice,50000,179.9717,174.0004,189.6397
baseline,4,queryAll,sem_indice,50000,3.7522,3.3545,4.7749
baseline,4,queryBy,sem_indice,50000,3.3399,3.2242,4.4926
baseline,4,createe,com_indice,100000,800.4282,668.8236,861.0628
baseline,4,retrieve,com_indice,100000,1.4634,1.3102,1.7062
baseline,4,update,com_indice,100000,2.4073,1.932,3.9407
baseline,4,deletee,com_indice,100000,5376.4677,5241.9424,5394.8813
baseline,4,queryAll,com_indice,100000,483.9882,468.9322,582.2865
baseline,4,queryBy,com_indice,100000,484.7037,468.8932,504.0013
baseline,4,createe,sem_indice,100000,498.9536,467.1584,596.4602
baseline,4,retrieve,sem_indice,100000,839.0276,711.097,888.8521
baseline,4,update,sem_indice,100000,912.8927,891.1708,972.7198
baseline,4,deletee,sem_indice,100000,346.0096,323.8527,354.4405
baseline,4,queryAll,sem_indice,100000,7.887,7.1679,8.2494
baseline,4,queryBy,sem_indice,100000,8.0965,7.4536,8.4723
solucao,4,createe,com_indice,1000,6.9425,5.2656,7.6914
solucao,4,retrieve,com_indice,1000,0.5985,0.4156,0.6849
solucao,4,update,com_indice,1000,1.3972,1.0299,1.6014
solucao,4,deletee,com_indice,1000,2.1022,1.3797,2.5364
solucao,4,queryAll,com_indice,1000,2.014,1.8888,2.1674
solucao,4,queryBy,com_indice,1000,1.9438,1.9066,2.3628
solucao,4,createe,sem_indice,1000,4.5565,4.1678,5.0612
solucao,4,retrieve,sem_indice,1000,4.5229,4.2629,5.0042
solucao,4,update,sem_indice,1000,4.7611,4.437,4.8881
solucao,4,deletee,sem_indice,1000,9.8493,9.8053,12.6764
solucao,4,queryAll,sem_indice,1000,0.0661,0.0614,0.0684
solucao,4,queryBy,sem_indice,1000,0.0589,0.054,0.0612
solucao,4,createe,com_indice,5000,26.7709,24.9494,28.8302
solucao,4,retrieve,com_indice,5000,0.487,0.4484,0.7341
solucao,4,update,com_indice,5000,1.217,1.0834,1.6846
solucao,4,deletee,com_indice,5000,2.0682,1.4752,2.111
solucao,4,queryAll,com_indice,5000,14.0451,13.1135,14.7122
solucao,4,queryBy,com_indice,5000,16.453,11.8245,16.5902
solucao,4,createe,sem_indice,5000,22.5109,21.4794,40.6093
solucao,4,retrieve,sem_indice,5000,28.3013,19.5777,29.8516
solucao,4,update,sem_indice,5000,27.5772,19.4943,28.9658
solucao,4,deletee,sem_indice,5000,19.7058,17.7188,28.3346
solucao,4,queryAll,sem_indice,5000,0.3639,0.325,0.3831
solucao,4,queryBy,sem_indice,5000,0.3465,0.3084,0.3525
solucao,4,createe,com_indice,20000,144.6337,114.4852,169.2699
solucao,4,retrieve,com_indice,20000,0.6709,0.6158,0.7232
solucao,4,update,com_indice,20000,1.4248,1.4198,1.525
solucao,4,deletee,com_indice,20000,1.6341,1.4577,1.6865
solucao,4,queryAll,com_indice,20000,54.8974,51.0662,63.8411
solucao,4,queryBy,com_indice,20000,59.9467,50.8584,68.14
solucao,4,createe,sem_indice,20000,80.3652,79.4481,144.8888
solucao,4,retrieve,sem_indice,20000,89.573,84.0265,93.4078
solucao,4,update,sem_indice,20000,87.1166,85.8097,91.3337
solucao,4,deletee,sem_indice,20000,72.5102,69.9592,107.3656
solucao,4,queryAll,sem_indice,20000,1.8269,1.6094,1.835
solucao,4,queryBy,sem_indice,20000,1.7367,1.4103,2.2536
solucao,4,createe,com_indice,50000,345.1687,313.3814,355.0449
solucao,4,retrieve,com_indice,50000,1.1345,1.0345,1.3457
solucao,4,update,com_indice,50000,1.8689,1.72,2.6631
solucao,4,deletee,com_indice,50000,1.9026,1.8849,2.9025
solucao,4,queryAll,com_indice,50000,159.7825,141.299,169.4882
solucao,4,queryBy,com_indice,50000,142.2196,136.7721,155.0193
solucao,4,createe,sem_indice,50000,225.7211,219.1292,253.8905
solucao,4,retrieve,sem_indice,50000,293.5443,276.478,318.9154
solucao,4,update,sem_indice,50000,345.7691,255.0687,351.0946
solucao,4,deletee,sem_indice,50000,191.288,176.8923,200.1535
solucao,4,queryAll,sem_indice,50000,3.8469,3.0046,4.0606
solucao,4,queryBy,sem_indice,50000,3.5727,2.7692,4.5384
solucao,4,createe,com_indice,100000,702.882,666.8643,742.5782
solucao,4,retrieve,com_indice,100000,1.5608,1.3875,2.0633
solucao,4,update,com_indice,100000,2.2822,1.8604,2.4068
solucao,4,deletee,com_indice,100000,2.6649,2.2051,2.8646
solucao,4,queryAll,com_indice,100000,473.3803,460.8721,485.5358
solucao,4,queryBy,com_indice,100000,466.74,449.8299,470.385
solucao,4,createe,sem_indice,100000,491.1892,440.6433,516.0017
solucao,4,retrieve,sem_indice,100000,916.051,811.1827,1010.8151
solucao,4,update,sem_indice,100000,868.8176,810.8614,888.4791
solucao,4,deletee,sem_indice,100000,358.745,353.3919,679.2144
solucao,4,queryAll,sem_indice,100000,9.5329,8.3413,10.3022
solucao,4,queryBy,sem_indice,100000,9.0729,8.3283,9.4258
solucao,8,createe,com_indice,1000,6.399,6.0057,7.1142
solucao,8,retrieve,com_indice,1000,0.4899,0.4298,0.6759
solucao,8,update,com_indice,1000,1.2402,1.0663,1.3123
solucao,8,deletee,com_indice,1000,1.7897,1.6545,2.5989
solucao,8,queryAll,com_indice,1000,2.4596,1.9962,2.7328
solucao,8,queryBy,com_indice,1000,2.0626,1.9472,3.2624
solucao,8,createe,sem_indice,1000,5.0215,4.7901,7.8936
solucao,8,retrieve,sem_indice,1000,5.4487,4.8163,6.4799
solucao,8,update,sem_indice,1000,5.3072,4.8702,6.7971
solucao,8,deletee,sem_indice,1000,12.1019,9.751,18.6674
solucao,8,queryAll,sem_indice,1000,0.0787,0.053,0.0952
solucao,8,queryBy,sem_indice,1000,0.0719,0.045,0.0872
solucao,8,createe,com_indice,5000,26.0627,24.3396,27.2287
solucao,8,retrieve,com_indice,5000,0.4908,0.4398,0.5097
solucao,8,update,com_indice,5000,1.2968,1.1916,1.4362
solucao,8,deletee,com_indice,5000,1.9403,1.4796,2.3757
solucao,8,queryAll,com_indice,5000,12.6199,11.1779,12.6418
solucao,8,queryBy,com_indice,5000,13.4687,10.9323,14.312
solucao,8,createe,sem_indice,5000,22.8746,22.8281,25.393
solucao,8,retrieve,sem_indice,5000,26.7822,22.2949,36.7366
solucao,8,update,sem_indice,5000,43.4164,22.9645,47.3399
solucao,8,deletee,sem_indice,5000,33.8014,24.3758,57.428
solucao,8,queryAll,sem_indice,5000,0.5148,0.4139,1.1028
solucao,8,queryBy,sem_indice,5000,0.49,0.4417,0.9085
solucao,8,createe,com_indice,20000,126.0331,118.754,178.8052
solucao,8,retrieve,com_indice,20000,0.6108,0.5054,0.7489
solucao,8,update,com_indice,20000,1.7474,1.6494,2.3406
solucao,8,deletee,com_indice,20000,2.2832,1.8089,2.7341
solucao,8,queryAll,com_indice,20000,54.999,54.6415,69.8185
solucao,8,queryBy,com_indice,20000,61.7436,51.8596,61.9801
solucao,8,createe,sem_indice,20000,113.5742,106.9154,121.1934
solucao,8,retrieve,sem_indice,20000,89.4546,87.0302,111.8446
solucao,8,update,sem_indice,20000,95.195,78.1767,118.5651
solucao,8,deletee,sem_indice,20000,82.7571,73.1836,161.3335
solucao,8,queryAll,sem_indice,20000,2.0196,1.7003,2.9089
solucao,8,queryBy,sem_indice,20000,2.2505,1.5256,3.3095
solucao,8,createe,com_indice,50000,344.417,299.4654,419.6268
solucao,8,retrieve,com_indice,50000,0.6649,0.6482,0.7765
solucao,8,update,com_indice,50000,1.7728,1.5144,1.8425
solucao,8,deletee,com_indice,50000,1.8979,1.8387,2.5607
solucao,8,queryAll,com_indice,50000,160.6673,135.4025,178.0175
solucao,8,queryBy,com_indice,50000,140.2946,131.2757,150.7643
solucao,8,createe,sem_indice,50000,230.5596,225.4757,301.4294
solucao,8,retrieve,sem_indice,50000,294.3521,271.7437,328.0628
solucao,8,update,sem_indice,50000,307.0507,262.9756,319.9462
solucao,8,deletee,sem_indice,50000,176.4058,167.7598,205.2742
solucao,8,queryAll,sem_indice,50000,4.1489,3.9716,5.0724
solucao,8,queryBy,sem_indice,50000,4.5471,4.4674,5.2619
solucao,8,createe,com_indice,100000,668.5717,629.5777,740.0269
solucao,8,retrieve,com_indice,100000,1.3438,1.1978,1.6178
solucao,8,update,com_indice,100000,2.0965,1.9856,3.0693
solucao,8,deletee,com_indice,100000,2.2118,1.6776,2.2876
solucao,8,queryAll,com_indice,100000,475.5094,449.6989,485.1874
solucao,8,queryBy,com_indice,100000,446.2426,417.4146,495.4788
solucao,8,createe,sem_indice,100000,504.3765,450.5533,562.5257
solucao,8,retrieve,sem_indice,100000,851.9228,721.0726,918.2923
solucao,8,update,sem_indice,100000,1004.9263,973.1249,1115.4943
solucao,8,deletee,sem_indice,100000,357.331,335.7259,394.2373
solucao,8,queryAll,sem_indice,100000,8.4618,8.0888,8.6089
solucao,8,queryBy,sem_indice,100000,9.5137,8.6276,9.5763
solucao,16,createe,com_indice,1000,7.0468,5.9022,14.3095
solucao,16,retrieve,com_indice,1000,0.4325,0.432,1.178
solucao,16,update,com_indice,1000,1.1217,1.0615,2.6226
solucao,16,deletee,com_indice,1000,2.2084,2.0617,4.0085
solucao,16,queryAll,com_indice,1000,2.4403,2.3043,4.8433
solucao,16,queryBy,com_indice,1000,2.8982,2.2612,4.1503
solucao,16,createe,sem_indice,1000,5.0953,4.9389,7.1426
solucao,16,retrieve,sem_indice,1000,5.6565,4.4432,6.5232
solucao,16,update,sem_indice,1000,5.5628,4.8735,6.1049
solucao,16,deletee,sem_indice,1000,10.4609,10.2333,11.3633
solucao,16,queryAll,sem_indice,1000,0.0531,0.0525,0.1076
solucao,16,queryBy,sem_indice,1000,0.0469,0.0432,0.0821
solucao,16,createe,com_indice,5000,27.3393,24.4498,29.7723
solucao,16,retrieve,com_indice,5000,0.4551,0.4222,0.4962
solucao,16,update,com_indice,5000,1.4727,1.1735,1.9165
solucao,16,deletee,com_indice,5000,2.7783,2.1326,3.0649
solucao,16,queryAll,com_indice,5000,12.434,12.1848,20.5018
solucao,16,queryBy,com_indice,5000,16.5297,12.2624,17.8628
solucao,16,createe,sem_indice,5000,39.8387,29.7857,58.6842
solucao,16,retrieve,sem_indice,5000,27.4325,27.0812,47.1369
solucao,16,update,sem_indice,5000,25.9856,24.9002,28.3047
solucao,16,deletee,sem_indice,5000,30.8276,28.4177,40.0553
solucao,16,queryAll,sem_indice,5000,0.4934,0.3958,0.5152
solucao,16,queryBy,sem_indice,5000,0.4753,0.3777,0.6003
solucao,16,createe,com_indice,20000,147.1543,116.244,149.4784
solucao,16,retrieve,com_indice,20000,0.5807,0.513,0.975
solucao,16,update,com_indice,20000,1.2849,1.2364,1.9474
solucao,16,deletee,com_indice,20000,1.5202,1.5118,2.3869
solucao,16,queryAll,com_indice,20000,53.2248,52.8949,73.1186
solucao,16,queryBy,com_indice,20000,52.4952,49.9558,57.7561
solucao,16,createe,sem_indice,20000,93.581,89.0711,101.0002
solucao,16,retrieve,sem_indice,20000,94.0046,80.9379,125.8522
solucao,16,update,sem_indice,20000,108.5872,97.7984,130.3879
solucao,16,deletee,sem_indice,20000,87.6162,79.6688,97.9904
solucao,16,queryAll,sem_indice,20000,2.0909,1.5974,3.1479
solucao,16,queryBy,sem_indice,20000,2.1164,1.5558,2.6262
solucao,16,createe,com_indice,50000,316.0855,288.2883,324.0145
solucao,16,retrieve,com_indice,50000,1.0428,0.8681,1.2721
solucao,16,update,com_indice,50000,1.9998,1.9035,2.3005
solucao,16,deletee,com_indice,50000,2.59,2.0097,3.6656
solucao,16,queryAll,com_indice,50000,135.1751,131.8195,139.4232
solucao,16,queryBy,com_indice,50000,135.8343,135.224,143.7845
solucao,16,createe,sem_indice,50000,233.7359,230.1653,268.5676
solucao,16,retrieve,sem_indice,50000,261.4813,252.7773,271.1781
solucao,16,update,sem_indice,50000,250.5397,231.7427,351.3876
solucao,16,deletee,sem_indice,50000,203.8311,188.1194,213.8551
solucao,16,queryAll,sem_indice,50000,5.5167,5.069,7.8874
solucao,16,queryBy,sem_indice,50000,4.3619,4.2704,4.7909
solucao,16,createe,com_indice,100000,714.2903,667.2582,938.3824
solucao,16,retrieve,com_indice,100000,1.522,1.3454,3.0551
solucao,16,update,com_indice,100000,3.2288,2.8562,6.2428
solucao,16,deletee,com_indice,100000,3.7184,3.1168,4.8411
solucao,16,queryAll,com_indice,100000,480.3687,466.9958,544.9251
solucao,16,queryBy,com_indice,100000,492.1618,460.15,517.451
solucao,16,createe,sem_indice,100000,488.2416,477.907,503.3001
solucao,16,retrieve,sem_indice,100000,851.8536,830.8813,857.5116
solucao,16,update,sem_indice,100000,935.4173,934.082,1001.9012
solucao,16,deletee,sem_indice,100000,372.7503,364.7247,434.6969
solucao,16,queryAll,sem_indice,100000,9.5952,9.2308,13.9753
solucao,16,queryBy,sem_indice,100000,10.3021,8.8217,13.3717
solucao,32,createe,com_indice,1000,5.2441,5.183,5.6588
solucao,32,retrieve,com_indice,1000,0.4169,0.4167,0.7745
solucao,32,update,com_indice,1000,1.2771,1.2677,1.8999
solucao,32,deletee,com_indice,1000,1.9854,1.7835,2.2278
solucao,32,queryAll,com_indice,1000,2.0948,2.0632,2.2476
solucao,32,queryBy,com_indice,1000,2.0552,1.9277,2.1902
solucao,32,createe,sem_indice,1000,4.5185,4.2187,4.9261
solucao,32,retrieve,sem_indice,1000,5.0686,4.5892,5.6362
solucao,32,update,sem_indice,1000,5.3643,5.1503,5.3885
solucao,32,deletee,sem_indice,1000,9.3509,8.9626,10.9145
solucao,32,queryAll,sem_indice,1000,0.0696,0.0528,0.0772
solucao,32,queryBy,sem_indice,1000,0.0583,0.0445,0.0623
solucao,32,createe,com_indice,5000,25.6146,25.5632,27.2925
solucao,32,retrieve,com_indice,5000,0.509,0.4673,0.5238
solucao,32,update,com_indice,5000,1.2859,1.254,1.5345
solucao,32,deletee,com_indice,5000,1.6904,1.503,1.9533
solucao,32,queryAll,com_indice,5000,11.92,10.6722,13.9916
solucao,32,queryBy,com_indice,5000,11.4978,11.1753,21.9404
solucao,32,createe,sem_indice,5000,24.638,20.9568,29.1632
solucao,32,retrieve,sem_indice,5000,28.7332,21.3345,36.3999
solucao,32,update,sem_indice,5000,24.0546,23.6441,43.8246
solucao,32,deletee,sem_indice,5000,23.8122,21.8737,35.4907
solucao,32,queryAll,sem_indice,5000,0.4984,0.3617,0.5052
solucao,32,queryBy,sem_indice,5000,0.4607,0.3442,0.5023
solucao,32,createe,com_indice,20000,116.5541,114.8198,232.8669
solucao,32,retrieve,com_indice,20000,0.6133,0.5859,1.2175
solucao,32,update,com_indice,20000,1.4798,1.262,3.2056
solucao,32,deletee,com_indice,20000,1.5303,1.4774,4.8905
solucao,32,queryAll,com_indice,20000,56.0511,49.1791,89.794
solucao,32,queryBy,com_indice,20000,50.7482,48.8597,121.7237
solucao,32,createe,sem_indice,20000,146.9639,96.819,174.8423
solucao,32,retrieve,sem_indice,20000,101.0595,78.4084,129.1091
solucao,32,update,sem_indice,20000,92.162,90.2392,193.4618
solucao,32,deletee,sem_indice,20000,109.6317,73.4206,175.304
solucao,32,queryAll,sem_indice,20000,1.5543,1.5269,3.8417
solucao,32,queryBy,sem_indice,20000,1.9157,1.5025,4.1834
solucao,32,createe,com_indice,50000,383.2187,304.3257,463.5721
solucao,32,retrieve,com_indice,50000,0.6407,0.621,0.6693
solucao,32,update,com_indice,50000,1.476,1.4746,1.4773
solucao,32,deletee,com_indice,50000,1.7609,1.7515,2.3241
solucao,32,queryAll,com_indice,50000,161.1854,147.153,188.7658
solucao,32,queryBy,com_indice,50000,184.2561,131.1981,251.4206
solucao,32,createe,sem_indice,50000,218.5921,217.1754,222.1268
solucao,32,retrieve,sem_indice,50000,331.6465,254.3493,332.104
solucao,32,update,sem_indice,50000,282.8812,235.211,328.7931
solucao,32,deletee,sem_indice,50000,195.4269,184.4764,215.6144
solucao,32,queryAll,sem_indice,50000,5.0077,4.2059,5.0543
solucao,32,queryBy,sem_indice,50000,4.0376,3.6025,4.5756
solucao,32,createe,com_indice,100000,636.5842,598.1491,643.9138
solucao,32,retrieve,com_indice,100000,1.3317,1.0907,2.8496
solucao,32,update,com_indice,100000,2.6826,1.8652,4.3131
solucao,32,deletee,com_indice,100000,2.6909,1.7667,4.3234
solucao,32,queryAll,com_indice,100000,487.6046,468.5667,506.1399
solucao,32,queryBy,com_indice,100000,502.6712,474.3282,532.3488
solucao,32,createe,sem_indice,100000,568.1936,510.9304,572.087
solucao,32,retrieve,sem_indice,100000,826.6587,756.1365,838.8435
solucao,32,update,sem_indice,100000,947.1281,830.7271,996.8671
solucao,32,deletee,sem_indice,100000,408.8476,382.7399,414.3774
solucao,32,queryAll,sem_indice,100000,10.0406,8.1761,10.8216
solucao,32,queryBy,sem_indice,100000,11.1083,8.856,13.5941
solucao,64,createe,com_indice,1000,6.6596,4.8962,9.2353
solucao,64,retrieve,com_indice,1000,0.5013,0.4093,0.725
solucao,64,update,com_indice,1000,1.2444,1.0579,1.8544
solucao,64,deletee,com_indice,1000,1.6366,1.4122,2.723
solucao,64,queryAll,com_indice,1000,2.3388,2.0003,3.6886
solucao,64,queryBy,com_indice,1000,2.2989,2.0118,3.1953
solucao,64,createe,sem_indice,1000,4.1709,4.1667,4.4606
solucao,64,retrieve,sem_indice,1000,4.3596,4.2104,4.6613
solucao,64,update,sem_indice,1000,4.7126,4.7024,5.7365
solucao,64,deletee,sem_indice,1000,10.1052,9.4067,10.5452
solucao,64,queryAll,sem_indice,1000,0.0692,0.0635,0.0761
solucao,64,queryBy,sem_indice,1000,0.0528,0.044,0.0687
solucao,64,createe,com_indice,5000,27.1298,23.9792,29.4897
solucao,64,retrieve,com_indice,5000,0.5423,0.4454,0.5457
solucao,64,update,com_indice,5000,1.3219,1.0863,1.3441
solucao,64,deletee,com_indice,5000,1.7207,1.4337,2.7065
solucao,64,queryAll,com_indice,5000,13.6561,11.7477,17.588
solucao,64,queryBy,com_indice,5000,11.085,10.5231,16.3385
solucao,64,createe,sem_indice,5000,37.3584,22.3126,47.3117
solucao,64,retrieve,sem_indice,5000,24.8186,23.042,47.7589
solucao,64,update,sem_indice,5000,23.6741,19.7742,24.651
solucao,64,deletee,sem_indice,5000,25.1944,22.9035,25.2462
solucao,64,queryAll,sem_indice,5000,0.3873,0.2931,0.4293
solucao,64,queryBy,sem_indice,5000,0.289,0.2626,0.4037
solucao,64,createe,com_indice,20000,103.68,101.1386,131.6732
solucao,64,retrieve,com_indice,20000,0.4991,0.4744,0.855
solucao,64,update,com_indice,20000,1.1556,1.1115,1.4172
solucao,64,deletee,com_indice,20000,1.4182,1.3794,1.7537
solucao,64,queryAll,com_indice,20000,55.1199,48.9782,55.4082
solucao,64,queryBy,com_indice,20000,48.4306,47.5971,50.6404
solucao,64,createe,sem_indice,20000,101.4115,87.4379,129.8752
solucao,64,retrieve,sem_indice,20000,88.8058,80.3637,90.2903
solucao,64,update,sem_indice,20000,108.9297,96.5143,146.1234
solucao,64,deletee,sem_indice,20000,113.7592,93.5587,118.2941
solucao,64,queryAll,sem_indice,20000,1.8207,1.6599,3.6415
solucao,64,queryBy,sem_indice,20000,1.7976,1.7535,3.3655
solucao,64,createe,com_indice,50000,336.4101,281.9352,375.5862
solucao,64,retrieve,com_indice,50000,0.6569,0.6016,1.1894
solucao,64,update,com_indice,50000,1.4051,1.3484,2.473
solucao,64,deletee,com_indice,50000,1.5812,1.5081,2.4351
solucao,64,queryAll,com_indice,50000,140.3104,132.7848,156.0263
solucao,64,queryBy,com_indice,50000,144.9108,132.7537,161.1848
solucao,64,createe,sem_indice,50000,261.0454,239.9149,286.3575
solucao,64,retrieve,sem_indice,50000,256.978,256.4997,351.127
solucao,64,update,sem_indice,50000,280.9079,235.3951,295.3673
solucao,64,deletee,sem_indice,50000,186.3991,177.1101,207.5793
solucao,64,queryAll,sem_indice,50000,3.9854,3.9747,4.5059
solucao,64,queryBy,sem_indice,50000,5.0879,4.1122,5.1538
solucao,64,createe,com_indice,100000,620.518,592.4027,889.1712
solucao,64,retrieve,com_indice,100000,0.9603,0.8865,0.9823
solucao,64,update,com_indice,100000,1.7941,1.794,1.9927
solucao,64,deletee,com_indice,100000,2.2846,1.9959,2.3006
solucao,64,queryAll,com_indice,100000,520.1978,426.8607,522.784
solucao,64,queryBy,com_indice,100000,456.5348,456.3748,470.062
solucao,64,createe,sem_indice,100000,479.9261,450.0335,577.3276
solucao,64,retrieve,sem_indice,100000,811.7744,808.795,864.0412
solucao,64,update,sem_indice,100000,933.6363,856.3142,953.4194
solucao,64,deletee,sem_indice,100000,445.3811,340.7057,463.8994
solucao,64,queryAll,sem_indice,100000,8.9666,8.3952,10.9452
solucao,64,queryBy,sem_indice,100000,8.2751,8.122,10.0878
